sample_id,family,runtime_sec,active_measurement_count,reconstructed_voxels,x_size,y_size,z_size,n_fft,voxel_chunk,measurement_chunk,normalization
line_test_0000,line,1.0949944090098143,8953,455,13,7,5,4096,384,512,independent peak normalization after fitting to 24^3
line_test_0001,line,2.0482998180086724,13540,1014,13,13,6,4096,384,512,independent peak normalization after fitting to 24^3
line_test_0002,line,0.6566685870056972,6100,715,11,13,5,4096,384,512,independent peak normalization after fitting to 24^3
line_test_0003,line,0.9609412330028135,9350,605,11,11,5,4096,384,512,independent peak normalization after fitting to 24^3
line_test_0004,line,0.6847819719987456,7130,495,11,9,5,4096,384,512,independent peak normalization after fitting to 24^3
line_test_0005,line,0.5786404020036571,6092,486,9,9,6,4096,384,512,independent peak normalization after fitting to 24^3
line_test_0006,line,1.1506183109886479,13764,330,5,11,6,4096,384,512,independent peak normalization after fitting to 24^3
line_test_0007,line,1.0119916489929892,8833,845,13,13,5,4096,384,512,independent peak normalization after fitting to 24^3
line_test_0008,line,0.7107566660270095,6036,858,13,11,6,4096,384,512,independent peak normalization after fitting to 24^3
line_test_0009,line,0.9330369849922135,9330,605,11,11,5,4096,384,512,independent peak normalization after fitting to 24^3
line_test_0010,line,0.9078813369851559,10403,385,7,11,5,4096,384,512,independent peak normalization after fitting to 24^3
line_test_0011,line,0.7046165920037311,6104,845,13,13,5,4096,384,512,independent peak normalization after fitting to 24^3
line_test_0012,line,0.9529886580130551,9791,495,11,9,5,4096,384,512,independent peak normalization after fitting to 24^3
line_test_0013,line,0.7091244459734298,6478,726,11,11,6,4096,384,512,independent peak normalization after fitting to 24^3
line_test_0014,line,0.45107592502608895,4876,495,9,11,5,4096,384,512,independent peak normalization after fitting to 24^3
line_test_0015,line,0.48348530000657775,5596,405,9,9,5,4096,384,512,independent peak normalization after fitting to 24^3
line_test_0016,line,1.132240859005833,8208,825,15,11,5,4096,384,512,independent peak normalization after fitting to 24^3
line_test_0017,line,0.6801464349846356,4780,726,11,11,6,4096,384,512,independent peak normalization after fitting to 24^3
line_test_0018,line,0.8511114450229798,6985,525,7,15,5,4096,384,512,independent peak normalization after fitting to 24^3
line_test_0019,line,0.8180886819900479,6423,605,11,11,5,4096,384,512,independent peak normalization after fitting to 24^3
cross_test_0000,cross,0.7749741029983852,6124,726,11,11,6,4096,384,512,independent peak normalization after fitting to 24^3
cross_test_0001,cross,0.9374841440003365,7543,1014,13,13,6,4096,384,512,independent peak normalization after fitting to 24^3
cross_test_0002,cross,0.5882957600115333,5359,726,11,11,6,4096,384,512,independent peak normalization after fitting to 24^3
cross_test_0003,cross,1.1765872629766818,9421,1014,13,13,6,4096,384,512,independent peak normalization after fitting to 24^3
cross_test_0004,cross,0.9912504579988308,8489,858,11,13,6,4096,384,512,independent peak normalization after fitting to 24^3
cross_test_0005,cross,0.7865397409768775,6105,1014,13,13,6,4096,384,512,independent peak normalization after fitting to 24^3
cross_test_0006,cross,0.6462739779963158,7001,486,9,9,6,4096,384,512,independent peak normalization after fitting to 24^3
cross_test_0007,cross,0.7168207750073634,7712,486,9,9,6,4096,384,512,independent peak normalization after fitting to 24^3
cross_test_0008,cross,0.7038647050212603,5963,858,11,13,6,4096,384,512,independent peak normalization after fitting to 24^3
cross_test_0009,cross,0.6477322459977586,6973,486,9,9,6,4096,384,512,independent peak normalization after fitting to 24^3
cross_test_0010,cross,1.535664444003487,15318,585,9,13,5,4096,384,512,independent peak normalization after fitting to 24^3
cross_test_0011,cross,0.8221731609955896,6394,1014,13,13,6,4096,384,512,independent peak normalization after fitting to 24^3
cross_test_0012,cross,0.7990785650035832,7523,726,11,11,6,4096,384,512,independent peak normalization after fitting to 24^3
cross_test_0013,cross,1.5549369539949112,12005,1014,13,13,6,4096,384,512,independent peak normalization after fitting to 24^3
cross_test_0014,cross,0.580684023007052,5720,594,9,11,6,4096,384,512,independent peak normalization after fitting to 24^3
L_shape_test_0000,L-shape,0.9157770360179711,7158,1105,17,13,5,4096,384,512,independent peak normalization after fitting to 24^3
L_shape_test_0001,L-shape,1.0425480109988712,10304,650,13,10,5,4096,384,512,independent peak normalization after fitting to 24^3
L_shape_test_0002,L-shape,0.8256844920106232,6775,975,15,13,5,4096,384,512,independent peak normalization after fitting to 24^3
L_shape_test_0003,L-shape,0.8433511970215477,7231,900,12,15,5,4096,384,512,independent peak normalization after fitting to 24^3
L_shape_test_0004,L-shape,2.3693251829827204,15454,1330,19,14,5,4096,384,512,independent peak normalization after fitting to 24^3
L_shape_test_0005,L-shape,0.8007009300054051,6749,900,15,12,5,4096,384,512,independent peak normalization after fitting to 24^3
L_shape_test_0006,L-shape,0.6909142060030717,6625,700,10,14,5,4096,384,512,independent peak normalization after fitting to 24^3
L_shape_test_0007,L-shape,1.0472049019881524,7992,1105,13,17,5,4096,384,512,independent peak normalization after fitting to 24^3
L_shape_test_0008,L-shape,0.679344261996448,6120,780,13,12,5,4096,384,512,independent peak normalization after fitting to 24^3
L_shape_test_0009,L-shape,2.168664704018738,16243,1170,18,13,5,4096,384,512,independent peak normalization after fitting to 24^3
L_shape_test_0010,L-shape,0.9005347680067644,7612,910,14,13,5,4096,384,512,independent peak normalization after fitting to 24^3
L_shape_test_0011,L-shape,0.5349700580118224,5186,650,10,13,5,4096,384,512,independent peak normalization after fitting to 24^3
L_shape_test_0012,L-shape,1.3004537320230156,10454,1040,16,13,5,4096,384,512,independent peak normalization after fitting to 24^3
L_shape_test_0013,L-shape,1.4212525650218595,10483,1190,17,14,5,4096,384,512,independent peak normalization after fitting to 24^3
L_shape_test_0014,L-shape,0.5723666349949781,5766,600,12,10,5,4096,384,512,independent peak normalization after fitting to 24^3
L_shape_test_0015,L-shape,0.9877178409951739,7459,1170,13,18,5,4096,384,512,independent peak normalization after fitting to 24^3
L_shape_test_0016,L-shape,1.3025162090198137,10055,1040,16,13,5,4096,384,512,independent peak normalization after fitting to 24^3
L_shape_test_0017,L-shape,1.075703094014898,8018,1170,18,13,5,4096,384,512,independent peak normalization after fitting to 24^3
L_shape_test_0018,L-shape,1.712177038018126,13570,975,15,13,5,4096,384,512,independent peak normalization after fitting to 24^3
L_shape_test_0019,L-shape,1.1458716670167632,11543,585,9,13,5,4096,384,512,independent peak normalization after fitting to 24^3
double_line_test_0000,double-line,0.7276630280248355,7368,605,11,11,5,4096,384,512,independent peak normalization after fitting to 24^3
double_line_test_0001,double-line,1.4523236140084919,10988,1125,15,15,5,4096,384,512,independent peak normalization after fitting to 24^3
double_line_test_0002,double-line,0.6772211579955183,5534,975,13,15,5,4096,384,512,independent peak normalization after fitting to 24^3
double_line_test_0003,double-line,1.2543818629928865,8439,1445,17,17,5,4096,384,512,independent peak normalization after fitting to 24^3
double_line_test_0004,double-line,1.5315404309949372,11515,1170,15,13,6,4096,384,512,independent peak normalization after fitting to 24^3
double_line_test_0005,double-line,0.873661165998783,5978,1350,15,15,6,4096,384,512,independent peak normalization after fitting to 24^3
double_line_test_0006,double-line,1.55872409400763,11115,1275,15,17,5,4096,384,512,independent peak normalization after fitting to 24^3
double_line_test_0007,double-line,0.8001364230003674,6982,845,13,13,5,4096,384,512,independent peak normalization after fitting to 24^3
double_line_test_0008,double-line,0.833236157981446,7074,918,17,9,6,4096,384,512,independent peak normalization after fitting to 24^3
double_line_test_0009,double-line,1.4085341409954708,12153,845,13,13,5,4096,384,512,independent peak normalization after fitting to 24^3
double_line_test_0010,double-line,1.5139311980165076,11120,1170,13,15,6,4096,384,512,independent peak normalization after fitting to 24^3
double_line_test_0011,double-line,0.8465489659865852,6385,1125,15,15,5,4096,384,512,independent peak normalization after fitting to 24^3
double_line_test_0012,double-line,1.0024739910149947,10790,525,15,7,5,4096,384,512,independent peak normalization after fitting to 24^3
double_line_test_0013,double-line,1.5690413050178904,9376,1734,17,17,6,4096,384,512,independent peak normalization after fitting to 24^3
double_line_test_0014,double-line,0.9904131619841792,7497,1122,11,17,6,4096,384,512,independent peak normalization after fitting to 24^3
small_rect_edge_test_0000,small_rect_edge,0.462826884991955,5152,405,9,9,5,4096,384,512,independent peak normalization after fitting to 24^3
small_rect_edge_test_0001,small_rect_edge,0.5788432549743447,5830,605,11,11,5,4096,384,512,independent peak normalization after fitting to 24^3
small_rect_edge_test_0002,small_rect_edge,0.7977728600089904,6032,1125,15,15,5,4096,384,512,independent peak normalization after fitting to 24^3
small_rect_edge_test_0003,small_rect_edge,0.7576552839891519,6742,845,13,13,5,4096,384,512,independent peak normalization after fitting to 24^3
small_rect_edge_test_0004,small_rect_edge,0.7299756649881601,6460,845,13,13,5,4096,384,512,independent peak normalization after fitting to 24^3
small_rect_edge_test_0005,small_rect_edge,0.6480582199874334,5525,845,13,13,5,4096,384,512,independent peak normalization after fitting to 24^3
small_rect_edge_test_0006,small_rect_edge,0.7063676720135845,6192,845,13,13,5,4096,384,512,independent peak normalization after fitting to 24^3
small_rect_edge_test_0007,small_rect_edge,0.7510690960043576,5676,1125,15,15,5,4096,384,512,independent peak normalization after fitting to 24^3
small_rect_edge_test_0008,small_rect_edge,0.6867118800000753,6016,845,13,13,5,4096,384,512,independent peak normalization after fitting to 24^3
small_rect_edge_test_0009,small_rect_edge,0.6889716199948452,6057,845,13,13,5,4096,384,512,independent peak normalization after fitting to 24^3
point_cluster_test_0000,point_cluster,1.0510574219806585,9874,700,10,10,7,4096,384,512,independent peak normalization after fitting to 24^3
point_cluster_test_0001,point_cluster,0.8629786589881405,6896,1000,10,10,10,4096,384,512,independent peak normalization after fitting to 24^3
point_cluster_test_0002,point_cluster,0.5326133389899042,5453,567,9,9,7,4096,384,512,independent peak normalization after fitting to 24^3
point_cluster_test_0003,point_cluster,0.7312338220071979,8420,392,8,7,7,4096,384,512,independent peak normalization after fitting to 24^3
point_cluster_test_0004,point_cluster,0.9413670870126225,7637,1000,10,10,10,4096,384,512,independent peak normalization after fitting to 24^3
point_cluster_test_0005,point_cluster,0.6292184850026388,5527,832,13,8,8,4096,384,512,independent peak normalization after fitting to 24^3
point_cluster_test_0006,point_cluster,1.1179103120230138,11991,480,8,10,6,4096,384,512,independent peak normalization after fitting to 24^3
point_cluster_test_0007,point_cluster,0.5912038880051114,6156,528,11,8,6,4096,384,512,independent peak normalization after fitting to 24^3
point_cluster_test_0008,point_cluster,0.5512850880040787,5843,490,10,7,7,4096,384,512,independent peak normalization after fitting to 24^3
point_cluster_test_0009,point_cluster,0.7708128920057788,8573,441,7,9,7,4096,384,512,independent peak normalization after fitting to 24^3
point_cluster_test_0010,point_cluster,1.1539504830143414,8894,1120,10,14,8,4096,384,512,independent peak normalization after fitting to 24^3
point_cluster_test_0011,point_cluster,0.5613488889939617,5730,567,9,9,7,4096,384,512,independent peak normalization after fitting to 24^3
point_cluster_test_0012,point_cluster,0.7258767760067713,7237,630,10,9,7,4096,384,512,independent peak normalization after fitting to 24^3
point_cluster_test_0013,point_cluster,0.9651169250137173,7143,1200,15,8,10,4096,384,512,independent peak normalization after fitting to 24^3
point_cluster_test_0014,point_cluster,0.4452771059877705,5130,392,8,7,7,4096,384,512,independent peak normalization after fitting to 24^3
point_cluster_test_0015,point_cluster,0.7315217489958741,7575,560,8,10,7,4096,384,512,independent peak normalization after fitting to 24^3
point_cluster_test_0016,point_cluster,1.3869877110118978,11040,1056,11,12,8,4096,384,512,independent peak normalization after fitting to 24^3
point_cluster_test_0017,point_cluster,0.5139560190145858,5232,540,10,9,6,4096,384,512,independent peak normalization after fitting to 24^3
point_cluster_test_0018,point_cluster,0.8196702849818394,8886,504,9,8,7,4096,384,512,independent peak normalization after fitting to 24^3
point_cluster_test_0019,point_cluster,1.0830075329868123,12122,420,10,6,7,4096,384,512,independent peak normalization after fitting to 24^3
