variant,seed,family,n,NMSE,PSNR,SSIM
P00_rsbfilm_scalar_Pcyc,0,L-shape,20,0.9968461129487716,28.306980245884574,0.37513141135755596
P00_rsbfilm_scalar_Pcyc,0,cross,15,0.9967739142273403,29.987424313805594,0.46976348347750757
P00_rsbfilm_scalar_Pcyc,0,double-line,15,0.9975469426367138,27.409138970781225,0.3261998493190081
P00_rsbfilm_scalar_Pcyc,0,line,20,0.9996441929860207,30.670814847107742,0.5072832533904601
P00_rsbfilm_scalar_Pcyc,0,point_cluster,20,1.0031260646895281,33.979841986313815,0.6992471821504097
P00_rsbfilm_scalar_Pcyc,0,small_rect_edge,10,0.9967775585397854,29.603139200369917,0.4496209676441212
P00_rsbfilm_scalar_Pcyc,1,L-shape,20,0.9861044033895011,28.354049669887406,0.38554385221042126
P00_rsbfilm_scalar_Pcyc,1,cross,15,0.9859679430989547,30.03483124509081,0.4794081815238946
P00_rsbfilm_scalar_Pcyc,1,double-line,15,0.9865415029987743,27.457366323864672,0.3376050846812274
P00_rsbfilm_scalar_Pcyc,1,line,20,0.9883447638559169,30.720311339359046,0.5154072315401177
P00_rsbfilm_scalar_Pcyc,1,point_cluster,20,1.0050209894436095,33.971953764553874,0.7006976781097229
P00_rsbfilm_scalar_Pcyc,1,small_rect_edge,10,0.9900705984239538,29.63256724002966,0.45651283799185166
P00_rsbfilm_scalar_Pcyc,2,L-shape,20,1.0139565693428207,28.233795935152482,0.3825814679995499
P00_rsbfilm_scalar_Pcyc,2,cross,15,1.0278653096442054,29.855094278725556,0.469419150491874
P00_rsbfilm_scalar_Pcyc,2,double-line,15,1.009190831308104,27.359365012834033,0.33983334458806014
P00_rsbfilm_scalar_Pcyc,2,line,20,1.0382218209546181,30.509150564717594,0.5036174879605089
P00_rsbfilm_scalar_Pcyc,2,point_cluster,20,1.1099267907566523,33.547293789702934,0.6746408626497904
P00_rsbfilm_scalar_Pcyc,2,small_rect_edge,10,1.0256560463234872,29.479172278033566,0.4474971289809817
P01_rsbfilm_no_Pcyc,0,L-shape,20,0.9804768535529608,28.37893825141456,0.3939967006037077
P01_rsbfilm_no_Pcyc,0,cross,15,0.9814345270203344,30.054830381271483,0.4837281899768832
P01_rsbfilm_no_Pcyc,0,double-line,15,0.978501959836387,27.493015651393605,0.3488127873620253
P01_rsbfilm_no_Pcyc,0,line,20,0.9854806083251549,30.73320121305909,0.5194142627973327
P01_rsbfilm_no_Pcyc,0,point_cluster,20,1.004038028465158,33.97680699449618,0.6981914301425821
P01_rsbfilm_no_Pcyc,0,small_rect_edge,10,0.9863731790712862,29.648819097821104,0.46110551360903484
P01_rsbfilm_no_Pcyc,1,L-shape,20,3.3242859785277403,23.588965170060582,0.18416636895411084
P01_rsbfilm_no_Pcyc,1,cross,15,5.301178583083861,23.5395602687769,0.18358615130769032
P01_rsbfilm_no_Pcyc,1,double-line,15,3.1557989336692693,23.364433795273655,0.20363142154488167
P01_rsbfilm_no_Pcyc,1,line,20,5.207459296775716,24.542472245112638,0.22317218308608017
P01_rsbfilm_no_Pcyc,1,point_cluster,20,13.031006493343407,23.59016484478149,0.13384863105564987
P01_rsbfilm_no_Pcyc,1,small_rect_edge,10,4.158075976719326,24.17490557364906,0.18881537021332
P01_rsbfilm_no_Pcyc,2,L-shape,20,0.9915826129091408,28.329973567880717,0.37720363413903335
P01_rsbfilm_no_Pcyc,2,cross,15,0.9923996076365833,30.00651975095877,0.4710076074131281
P01_rsbfilm_no_Pcyc,2,double-line,15,0.9931498333081942,27.42833749686813,0.32767097818928537
P01_rsbfilm_no_Pcyc,2,line,20,0.9930041161865975,30.699757024780034,0.5092913173605558
P01_rsbfilm_no_Pcyc,2,point_cluster,20,0.9959168715683004,34.011113552194935,0.7005134975669502
P01_rsbfilm_no_Pcyc,2,small_rect_edge,10,0.9921364971856759,29.623424005178453,0.4507651300159769
P02_rsbfilm_sincos_Pcyc,0,L-shape,20,1.0070762099732007,28.26284687718288,0.3800495144759343
P02_rsbfilm_sincos_Pcyc,0,cross,15,1.0132653829886713,29.916581927913935,0.47229966489484015
P02_rsbfilm_sincos_Pcyc,0,double-line,15,1.004769568353091,27.377979167588876,0.33311283812437126
P02_rsbfilm_sincos_Pcyc,0,line,20,1.019047672544811,30.58821481815835,0.5075786229145228
P02_rsbfilm_sincos_Pcyc,0,point_cluster,20,1.0610339687052908,33.73847696836705,0.6885764180658699
P02_rsbfilm_sincos_Pcyc,0,small_rect_edge,10,1.0138097890347417,29.5296298088684,0.4495625710267689
P02_rsbfilm_sincos_Pcyc,1,L-shape,20,0.9975700594712599,28.30381684782655,0.37401582399265443
P02_rsbfilm_sincos_Pcyc,1,cross,15,0.9979817512917625,29.98216032049653,0.4687577086192431
P02_rsbfilm_sincos_Pcyc,1,double-line,15,0.998841263749998,27.403512081800944,0.3251803810130536
P02_rsbfilm_sincos_Pcyc,1,line,20,1.0003753520479806,30.66780091023396,0.5067679018708239
P02_rsbfilm_sincos_Pcyc,1,point_cluster,20,1.0038697668177368,33.976761916213796,0.6989919161255602
P02_rsbfilm_sincos_Pcyc,1,small_rect_edge,10,0.9988849197469083,29.593987400317836,0.4483983253436296
P02_rsbfilm_sincos_Pcyc,2,L-shape,20,0.9910938240424402,28.332138895752614,0.3793992641703443
P02_rsbfilm_sincos_Pcyc,2,cross,15,0.992927441304224,30.004228546735924,0.47283845455217033
P02_rsbfilm_sincos_Pcyc,2,double-line,15,0.9925983463248416,27.430788551171783,0.3308442220831252
P02_rsbfilm_sincos_Pcyc,2,line,20,0.9931072139514802,30.699338531816494,0.5105082942176226
P02_rsbfilm_sincos_Pcyc,2,point_cluster,20,0.9991055387127318,33.9974082790578,0.7010184901122637
P02_rsbfilm_sincos_Pcyc,2,small_rect_edge,10,0.9956236626299793,29.608237824598223,0.4517205691536274
P03_rsbfilm_scalar_plus_sincos_Pcyc,0,L-shape,20,0.9965493478170254,28.308265318214193,0.37425900677437085
P03_rsbfilm_scalar_plus_sincos_Pcyc,0,cross,15,0.9965174131345088,29.988538488521396,0.4691981873835535
P03_rsbfilm_scalar_plus_sincos_Pcyc,0,double-line,15,0.9970037272857148,27.411499155677923,0.32573796153376566
P03_rsbfilm_scalar_plus_sincos_Pcyc,0,line,20,0.9974957044621583,30.68014311278144,0.5073160652079931
P03_rsbfilm_scalar_plus_sincos_Pcyc,0,point_cluster,20,0.9988301363879313,33.99843006041259,0.6997998981349143
P03_rsbfilm_scalar_plus_sincos_Pcyc,0,small_rect_edge,10,0.9977701892023593,29.59879737308018,0.4482764844933169
P03_rsbfilm_scalar_plus_sincos_Pcyc,1,L-shape,20,0.9869814683682053,28.350209659443152,0.3873191959779903
P03_rsbfilm_scalar_plus_sincos_Pcyc,1,cross,15,0.9910205698679754,30.01266964853277,0.4791601793070005
P03_rsbfilm_scalar_plus_sincos_Pcyc,1,double-line,15,0.9878231349170654,27.45174194813795,0.3401863233747192
P03_rsbfilm_scalar_plus_sincos_Pcyc,1,line,20,0.9929513495036655,30.700381428426272,0.515150777581476
P03_rsbfilm_scalar_plus_sincos_Pcyc,1,point_cluster,20,1.0200778693419228,33.908578302541514,0.6982162151698822
P03_rsbfilm_scalar_plus_sincos_Pcyc,1,small_rect_edge,10,0.9981023152405152,29.597417142079156,0.45456377581005103
P03_rsbfilm_scalar_plus_sincos_Pcyc,2,L-shape,20,3.324522213245159,23.588663313627144,0.1840492080186213
P03_rsbfilm_scalar_plus_sincos_Pcyc,2,cross,15,5.301566518630753,23.539248328139696,0.1834622703783315
P03_rsbfilm_scalar_plus_sincos_Pcyc,2,double-line,15,3.1559977381344697,23.364187262228665,0.20354141739541623
P03_rsbfilm_scalar_plus_sincos_Pcyc,2,line,20,5.2078140789967495,24.542166274729503,0.22303333625536212
P03_rsbfilm_scalar_plus_sincos_Pcyc,2,point_cluster,20,13.031945163115864,23.58982889293333,0.1337395115506699
P03_rsbfilm_scalar_plus_sincos_Pcyc,2,small_rect_edge,10,4.158361372678346,24.174619547726365,0.18870786411284377
P04_generic_film_scalar_Pcyc,0,L-shape,20,0.9944072702066977,28.31761948991459,0.3778682293890304
P04_generic_film_scalar_Pcyc,0,cross,15,0.9955994187489641,29.992540743431302,0.471253741842718
P04_generic_film_scalar_Pcyc,0,double-line,15,0.9963985638339612,27.414133946452708,0.3285793147857076
P04_generic_film_scalar_Pcyc,0,line,20,0.9986048354605057,30.675333596624874,0.5085238816386116
P04_generic_film_scalar_Pcyc,0,point_cluster,20,1.00051437138145,33.99118631632282,0.7003418768192943
P04_generic_film_scalar_Pcyc,0,small_rect_edge,10,0.9956808028655241,29.607912521974594,0.45128561233850384
P04_generic_film_scalar_Pcyc,1,L-shape,20,0.9839880417663004,28.363444322998077,0.3911012652501729
P04_generic_film_scalar_Pcyc,1,cross,15,0.9845156348214521,30.04143918841034,0.48358984473045286
P04_generic_film_scalar_Pcyc,1,double-line,15,0.9846991752792268,27.465668449338114,0.34504144417075333
P04_generic_film_scalar_Pcyc,1,line,20,0.9883421693541334,30.720520826200925,0.5179083990769268
P04_generic_film_scalar_Pcyc,1,point_cluster,20,1.0150705193942635,33.929705810523004,0.698223485463538
P04_generic_film_scalar_Pcyc,1,small_rect_edge,10,0.9939850430771207,29.615536137318536,0.4582712184189431
P04_generic_film_scalar_Pcyc,2,L-shape,20,1.0021036436620636,28.284625482345668,0.38816425983002645
P04_generic_film_scalar_Pcyc,2,cross,15,1.0163278758920968,29.9043985114293,0.4765572125420317
P04_generic_film_scalar_Pcyc,2,double-line,15,1.0008144245962234,27.395710179564155,0.34414545724655593
P04_generic_film_scalar_Pcyc,2,line,20,1.0223859376570839,30.57601489793072,0.5109856273169369
P04_generic_film_scalar_Pcyc,2,point_cluster,20,1.10734389615387,33.561665330915986,0.6807498703321533
P04_generic_film_scalar_Pcyc,2,small_rect_edge,10,1.0207379942488968,29.500438041227717,0.4513901191235399
P05_generic_film_sincos_Pcyc,0,L-shape,20,1.0096972232368298,28.251788584648597,0.38168107935302414
P05_generic_film_sincos_Pcyc,0,cross,15,1.018933427327355,29.892648381749368,0.47180834193659754
P05_generic_film_sincos_Pcyc,0,double-line,15,1.0053274638784075,27.375681646569014,0.33627117607448587
P05_generic_film_sincos_Pcyc,0,line,20,1.0244760144517717,30.565737374168002,0.5071279843341019
P05_generic_film_sincos_Pcyc,0,point_cluster,20,1.0825779538307025,33.652738569101224,0.682668366290827
P05_generic_film_sincos_Pcyc,0,small_rect_edge,10,1.0171561227446537,29.51537290061966,0.44971801568970493
P05_generic_film_sincos_Pcyc,1,L-shape,20,0.9897678626199251,28.337931026728388,0.37909509761001525
P05_generic_film_sincos_Pcyc,1,cross,15,0.9884347412913421,30.02393512634359,0.47438347458026103
P05_generic_film_sincos_Pcyc,1,double-line,15,0.9905067632666662,27.439946374715692,0.3309918308435631
P05_generic_film_sincos_Pcyc,1,line,20,0.9929225070129453,30.70041585192821,0.5106535812009391
P05_generic_film_sincos_Pcyc,1,point_cluster,20,0.99862884689277,33.999459152429424,0.7009118182034033
P05_generic_film_sincos_Pcyc,1,small_rect_edge,10,0.9931022276560133,29.61925051316457,0.4521484826292331
P05_generic_film_sincos_Pcyc,2,L-shape,20,0.98425414573092,28.36220939241661,0.3851304306660398
P05_generic_film_sincos_Pcyc,2,cross,15,0.9827738324508453,30.048893796066057,0.47918037177042044
P05_generic_film_sincos_Pcyc,2,double-line,15,0.9851277740624467,27.46364077888383,0.33726490471848686
P05_generic_film_sincos_Pcyc,2,line,20,0.9847139388958418,30.736274060468833,0.5161976511986192
P05_generic_film_sincos_Pcyc,2,point_cluster,20,0.9963837449823874,34.00934983539802,0.7024477176415671
P05_generic_film_sincos_Pcyc,2,small_rect_edge,10,0.9877671705261977,29.642686919824662,0.4569287195979486
P06_concat_scalar_plus_sincos_Pcyc,0,L-shape,20,0.9890275321131838,28.341188714121255,0.3826044756227934
P06_concat_scalar_plus_sincos_Pcyc,0,cross,15,0.9889335765375723,30.02182910583003,0.47723286930761494
P06_concat_scalar_plus_sincos_Pcyc,0,double-line,15,0.9891037310529842,27.446097860038716,0.33522260523519687
P06_concat_scalar_plus_sincos_Pcyc,0,line,20,0.9894118691511391,30.71555947521396,0.5138648923776945
P06_concat_scalar_plus_sincos_Pcyc,0,point_cluster,20,1.0003880204715367,33.99200851869868,0.7018222802013391
P06_concat_scalar_plus_sincos_Pcyc,0,small_rect_edge,10,0.990691202847018,29.629780560368346,0.45489868323389293
P06_concat_scalar_plus_sincos_Pcyc,1,L-shape,20,1.1332824399170138,27.782589122437997,0.37050391918310477
P06_concat_scalar_plus_sincos_Pcyc,1,cross,15,1.1671419783289558,29.374256889812536,0.4724907598692364
P06_concat_scalar_plus_sincos_Pcyc,1,double-line,15,1.1420087516705684,26.889320006765285,0.3391419827937916
P06_concat_scalar_plus_sincos_Pcyc,1,line,20,1.3229617021756181,29.665585768470333,0.47337518411356794
P06_concat_scalar_plus_sincos_Pcyc,1,point_cluster,20,2.1445711499163216,31.091088659833144,0.5287681765624146
P06_concat_scalar_plus_sincos_Pcyc,1,small_rect_edge,10,1.2208296851328382,28.777500624759888,0.4083025194749905
P06_concat_scalar_plus_sincos_Pcyc,2,L-shape,20,1.715853646503815,26.207288621767464,0.3205971951524407
P06_concat_scalar_plus_sincos_Pcyc,2,cross,15,2.350090815078419,26.781258234016047,0.3620889467379421
P06_concat_scalar_plus_sincos_Pcyc,2,double-line,15,1.7246119927512056,25.50311895702539,0.3076288935087552
P06_concat_scalar_plus_sincos_Pcyc,2,line,20,2.525322936887657,27.47757070129996,0.38868775898836966
P06_concat_scalar_plus_sincos_Pcyc,2,point_cluster,20,5.669693917570534,27.30703293581008,0.33646436758208215
P06_concat_scalar_plus_sincos_Pcyc,2,small_rect_edge,10,2.0728511845516353,26.850372928789476,0.31990316776158406
