ood_split,dataset_dir,variant,seed,NMSE_mean,PSNR_mean,SSIM_mean,MAE_mean,runtime_with_ref3_per_sample_mean,num_samples,status
Leave-One-Family-Out OOD,leave_one_family_out_ood,P00_rsbfilm_scalar_Pcyc,0,0.9998049322736706,31.492265985419706,0.5595455122731943,0.0011573962878901512,0.39348501119136925,100,evaluated
Leave-One-Family-Out OOD,leave_one_family_out_ood,P00_rsbfilm_scalar_Pcyc,1,0.9960175143363,31.508842519317792,0.564946420029034,0.0015720664930995553,0.39235657154160436,100,evaluated
Leave-One-Family-Out OOD,leave_one_family_out_ood,P00_rsbfilm_scalar_Pcyc,2,1.0422500526566527,31.3121395094589,0.5509504069448267,0.0026801479421555995,0.3923544066914474,100,evaluated
Leave-One-Family-Out OOD,leave_one_family_out_ood,P01_rsbfilm_no_Pcyc,0,0.9915077228258398,31.52862119193771,0.5662564545226467,0.0023330965323839336,0.3923522503310232,100,evaluated
Leave-One-Family-Out OOD,leave_one_family_out_ood,P01_rsbfilm_no_Pcyc,1,6.704712411505446,23.634795914512086,0.1299640843619072,0.014702605698257685,0.3923524786501366,100,evaluated
Leave-One-Family-Out OOD,leave_one_family_out_ood,P01_rsbfilm_no_Pcyc,2,0.9947104502314407,31.514453464789145,0.560962996138988,0.001078181011835113,0.39278680432063995,100,evaluated
Leave-One-Family-Out OOD,leave_one_family_out_ood,P02_rsbfilm_sincos_Pcyc,0,1.0231430094738883,31.39224071372338,0.5579513950717712,0.002052142003085464,0.39239495446017825,100,evaluated
Leave-One-Family-Out OOD,leave_one_family_out_ood,P02_rsbfilm_sincos_Pcyc,1,0.9990171995569475,31.495714123774956,0.5593136081957888,0.0011094792850781232,0.392372731550422,100,evaluated
Leave-One-Family-Out OOD,leave_one_family_out_ood,P02_rsbfilm_sincos_Pcyc,2,0.9977403036189827,31.50130121427268,0.5621062073428713,0.0012981047964422032,0.39235958608187504,100,evaluated
Leave-One-Family-Out OOD,leave_one_family_out_ood,P03_rsbfilm_scalar_plus_sincos_Pcyc,0,0.997443551447855,31.502534809789978,0.5597400797825347,0.0010801366926170885,0.39239228378180996,100,evaluated
Leave-One-Family-Out OOD,leave_one_family_out_ood,P03_rsbfilm_scalar_plus_sincos_Pcyc,1,1.002444472104544,31.4811035931679,0.564833201017309,0.0017860726441722363,0.3923586994811194,100,evaluated
Leave-One-Family-Out OOD,leave_one_family_out_ood,P03_rsbfilm_scalar_plus_sincos_Pcyc,2,6.705298927662553,23.634409954995895,0.1298676463202032,0.014711938905529678,0.392368283020478,100,evaluated
Leave-One-Family-Out OOD,leave_one_family_out_ood,P04_generic_film_scalar_Pcyc,0,0.9964892959122155,31.506701773537866,0.562062850588232,0.0013529099570587276,0.392241509011219,100,evaluated
Leave-One-Family-Out OOD,leave_one_family_out_ood,P04_generic_film_scalar_Pcyc,1,0.9988781054265,31.496738812347235,0.5659392772167706,0.0019274191826116295,0.392247653981467,100,evaluated
Leave-One-Family-Out OOD,leave_one_family_out_ood,P04_generic_film_scalar_Pcyc,2,1.035827730441742,31.339997030048085,0.5574425405525242,0.002309004474664107,0.3922420154516294,100,evaluated
Leave-One-Family-Out OOD,leave_one_family_out_ood,P05_generic_film_sincos_Pcyc,0,1.032337717282079,31.353574722931736,0.5549342102976367,0.0023786263493821027,0.39225432440201985,100,evaluated
Leave-One-Family-Out OOD,leave_one_family_out_ood,P05_generic_film_sincos_Pcyc,1,0.9948807945113219,31.51376304482885,0.5622801898566955,0.001184405601816252,0.39224711595161355,100,evaluated
Leave-One-Family-Out OOD,leave_one_family_out_ood,P05_generic_film_sincos_Pcyc,2,0.9897040442624174,31.536422010969964,0.5660327053936749,0.0013719828485045582,0.3922440472016751,100,evaluated
Leave-One-Family-Out OOD,leave_one_family_out_ood,P06_concat_scalar_plus_sincos_Pcyc,0,0.9924891765956935,31.524259365022854,0.5658544767007819,0.0015414482564665376,0.3914925761420454,100,evaluated
Leave-One-Family-Out OOD,leave_one_family_out_ood,P06_concat_scalar_plus_sincos_Pcyc,1,1.3279768317094192,30.322609109570827,0.49277352914748174,0.004288320566993207,0.391493402231572,100,evaluated
Leave-One-Family-Out OOD,leave_one_family_out_ood,P06_concat_scalar_plus_sincos_Pcyc,2,2.748927819507187,27.402221626808778,0.34592831006865277,0.005965611372375861,0.3914938049505872,100,evaluated
Random-ET OOD,random_et_ood,P00_rsbfilm_scalar_Pcyc,0,1.11274112693641,28.89205819138978,0.40773127161200806,0.003369546919129789,1.6821024269110056,100,evaluated
Random-ET OOD,random_et_ood,P00_rsbfilm_scalar_Pcyc,1,1.3234714227074433,28.328031145389076,0.34995096281717963,0.0068436246493365615,1.6820952574098191,100,evaluated
Random-ET OOD,random_et_ood,P00_rsbfilm_scalar_Pcyc,2,1.2106426604928264,28.51401811884803,0.34517206578043286,0.007462856241036206,1.6820892867608928,100,evaluated
Random-ET OOD,random_et_ood,P01_rsbfilm_no_Pcyc,0,1.2282790976721814,28.53710294132116,0.3595003296054131,0.006924902978353202,1.6820578042196574,100,evaluated
Random-ET OOD,random_et_ood,P01_rsbfilm_no_Pcyc,1,7.05198931387283,22.26644990712412,0.06530329104763972,0.03926245889626443,1.6820647321207798,100,evaluated
Random-ET OOD,random_et_ood,P01_rsbfilm_no_Pcyc,2,1.1815717757834938,28.68797698728523,0.3892576465957465,0.004669760125689208,1.6820714797495748,100,evaluated
Random-ET OOD,random_et_ood,P02_rsbfilm_sincos_Pcyc,0,1.1484955447606593,28.730125409807982,0.3724265892798027,0.006320079397410154,1.6820832533399517,100,evaluated
Random-ET OOD,random_et_ood,P02_rsbfilm_sincos_Pcyc,1,1.1194962646598179,28.84957417234069,0.40237807222634037,0.00388500518980436,1.682558283849503,100,evaluated
Random-ET OOD,random_et_ood,P02_rsbfilm_sincos_Pcyc,2,1.2187746313946415,28.59454105268935,0.3839910540954233,0.004988256802316755,1.6820795662597812,100,evaluated
Random-ET OOD,random_et_ood,P03_rsbfilm_scalar_plus_sincos_Pcyc,0,1.2708556619826126,28.454066008255914,0.3732482709345438,0.0051087144995108245,1.6821141236103723,100,evaluated
Random-ET OOD,random_et_ood,P03_rsbfilm_scalar_plus_sincos_Pcyc,1,1.3113451598350434,28.33252717698689,0.34411933002114437,0.007413870682939887,1.682257506268652,100,evaluated
Random-ET OOD,random_et_ood,P03_rsbfilm_scalar_plus_sincos_Pcyc,2,7.0529726948971385,22.265779603304768,0.06525314491615444,0.039275057013146576,1.6820643188893154,100,evaluated
Random-ET OOD,random_et_ood,P04_generic_film_scalar_Pcyc,0,1.112907367049534,28.892282767941502,0.40615644103101844,0.004266658351989463,1.6819367572900956,100,evaluated
Random-ET OOD,random_et_ood,P04_generic_film_scalar_Pcyc,1,1.0900992142604577,28.943463485260754,0.3936532357489959,0.005614117750665173,1.6819562535001022,100,evaluated
Random-ET OOD,random_et_ood,P04_generic_film_scalar_Pcyc,2,1.315727817375051,28.21041633318565,0.3190022356561481,0.00853308791294694,1.6821363822402782,100,evaluated
Random-ET OOD,random_et_ood,P05_generic_film_sincos_Pcyc,0,1.2166573423638776,28.513695054504822,0.3450454023147442,0.007611333788372576,1.681988566421205,100,evaluated
Random-ET OOD,random_et_ood,P05_generic_film_sincos_Pcyc,1,1.1129518307298867,28.87553403355375,0.4018935218279167,0.0043924921180587264,1.6819917619701301,100,evaluated
Random-ET OOD,random_et_ood,P05_generic_film_sincos_Pcyc,2,1.242695276405749,28.531771269315882,0.37765039814764956,0.005290109483757988,1.6820523709297412,100,evaluated
Random-ET OOD,random_et_ood,P06_concat_scalar_plus_sincos_Pcyc,0,1.3217224735257391,28.323939914871012,0.35061183941756197,0.006904340101173147,1.6812176636500227,100,evaluated
Random-ET OOD,random_et_ood,P06_concat_scalar_plus_sincos_Pcyc,1,1.411431776379647,27.956350798343973,0.30856516319825966,0.00879690760979429,1.681237141120655,100,evaluated
Random-ET OOD,random_et_ood,P06_concat_scalar_plus_sincos_Pcyc,2,2.299654297676864,26.374411010959292,0.2504894101327752,0.010703048544237391,1.6812147754296893,100,evaluated
Unseen-Parameter OOD,unseen_param_ood,P00_rsbfilm_scalar_Pcyc,0,0.9981397223984895,27.002342421281845,0.3028412324848504,0.0025446604832541197,0.5758661256004416,100,evaluated
Unseen-Parameter OOD,unseen_param_ood,P00_rsbfilm_scalar_Pcyc,1,0.9864662054627399,27.053473712726028,0.31450422887724183,0.0028399051399901508,0.5761835020293075,100,evaluated
Unseen-Parameter OOD,unseen_param_ood,P00_rsbfilm_scalar_Pcyc,2,1.0062710924758262,26.967264052267605,0.3153412181833248,0.003896182249300182,0.5757047496785526,100,evaluated
Unseen-Parameter OOD,unseen_param_ood,P01_rsbfilm_no_Pcyc,0,0.9793144793494001,27.08514124382725,0.32598068397477137,0.0036549000209197403,0.5757080724187835,100,evaluated
Unseen-Parameter OOD,unseen_param_ood,P01_rsbfilm_no_Pcyc,1,2.8960276799689266,22.944525311658644,0.19624297033432891,0.014718066938221454,0.5757047996485198,100,evaluated
Unseen-Parameter OOD,unseen_param_ood,P01_rsbfilm_no_Pcyc,2,0.9926888560256661,27.02613590027951,0.3052195830296253,0.002452698320848867,0.5757213115101331,100,evaluated
Unseen-Parameter OOD,unseen_param_ood,P02_rsbfilm_sincos_Pcyc,0,1.0042929479909508,26.97568182798086,0.30931904171445745,0.003249227232299745,0.575737218989816,100,evaluated
Unseen-Parameter OOD,unseen_param_ood,P02_rsbfilm_sincos_Pcyc,1,0.9980994450225406,27.002515458477557,0.30252852074447534,0.002523714016424492,0.5757197268298477,100,evaluated
Unseen-Parameter OOD,unseen_param_ood,P02_rsbfilm_sincos_Pcyc,2,0.9919502260508664,27.029405360716343,0.3081155353205789,0.002613247660920024,0.5756890907202614,100,evaluated
Unseen-Parameter OOD,unseen_param_ood,P03_rsbfilm_scalar_plus_sincos_Pcyc,0,0.9965473243660437,27.00928351516307,0.3032773580363235,0.00249971573590301,0.5757042087391891,100,evaluated
Unseen-Parameter OOD,unseen_param_ood,P03_rsbfilm_scalar_plus_sincos_Pcyc,1,0.9860126440278946,27.055528253488024,0.31785383526330696,0.003001304923091084,0.5757256778897135,100,evaluated
Unseen-Parameter OOD,unseen_param_ood,P03_rsbfilm_scalar_plus_sincos_Pcyc,2,2.8962117404847554,22.94426990628556,0.19614332016814565,0.014727250826545059,0.575770757629798,100,evaluated
Unseen-Parameter OOD,unseen_param_ood,P04_generic_film_scalar_Pcyc,0,0.9965573494427049,27.00923499929989,0.3055296864145838,0.0027074036456178874,0.5755787643390068,100,evaluated
Unseen-Parameter OOD,unseen_param_ood,P04_generic_film_scalar_Pcyc,1,0.9850425124134327,27.05978501565686,0.3190645695204783,0.0031399490404874085,0.5755878169594507,100,evaluated
Unseen-Parameter OOD,unseen_param_ood,P04_generic_film_scalar_Pcyc,2,0.9990433840355402,26.998708469549687,0.3173415051597712,0.0034410986304283142,0.5757660683701397,100,evaluated
Unseen-Parameter OOD,unseen_param_ood,P05_generic_film_sincos_Pcyc,0,1.0054951722530503,26.97051602370833,0.3117418886368253,0.003545953598804772,0.5755656803997408,100,evaluated
Unseen-Parameter OOD,unseen_param_ood,P05_generic_film_sincos_Pcyc,1,0.9910096436757976,27.033499085429,0.3073431854011684,0.0025078833650331945,0.575572919039696,100,evaluated
Unseen-Parameter OOD,unseen_param_ood,P05_generic_film_sincos_Pcyc,2,0.9839080719194523,27.06478269175416,0.3152163061690913,0.0027390849648509176,0.5755305496805522,100,evaluated
Unseen-Parameter OOD,unseen_param_ood,P06_concat_scalar_plus_sincos_Pcyc,0,0.9886045559775737,27.044070239932726,0.31259805152161063,0.002815645072842017,0.5747416318612523,100,evaluated
Unseen-Parameter OOD,unseen_param_ood,P06_concat_scalar_plus_sincos_Pcyc,1,1.1038173384786831,26.59208334726869,0.3300585651398486,0.005635203463025391,0.5746583752692095,100,evaluated
Unseen-Parameter OOD,unseen_param_ood,P06_concat_scalar_plus_sincos_Pcyc,2,1.5891208457057482,25.212385086849032,0.3015756564031055,0.007499869994353503,0.574669940489257,100,evaluated
