method_id,table_label,ood_split,seed,num_samples,NMSE_mean,PSNR_mean,SSIM_mean,MAE_mean,network_runtime_per_sample,end_to_end_runtime_per_sample,source,notes
O00_ref3,ref3,Leave-One-Family-Out OOD,none,100,6.70495840641621,23.634634061604924,0.12995631577621114,0.014703152142465115,0.0,0.3842128359901835,/home/superws/2026_Projects/Codex_reference_plane_real/exp/task_real_struc_001b_full_structure_diagnosis/20260515_001000_fullrunner,physical ref3 backbone; no learned seed
O00_ref3,ref3,Random-ET OOD,none,100,7.052401588815247,22.266168891598433,0.06528781126792996,0.039266296420246365,0.0,1.6779991902002802,/home/superws/2026_Projects/Codex_reference_plane_real/exp/task_real_struc_001b_full_structure_diagnosis/20260515_001000_fullrunner,physical ref3 backbone; no learned seed
O00_ref3,ref3,Unseen-Parameter OOD,none,100,2.8961048564352536,22.944418222019994,0.1962373432940356,0.01471849123481661,0.0,0.5474259072697533,/home/superws/2026_Projects/Codex_reference_plane_real/exp/task_real_struc_001b_full_structure_diagnosis/20260515_001000_fullrunner,physical ref3 backbone; no learned seed
O01_ref3_residual_UNet,ref3 + residual U-Net,Leave-One-Family-Out OOD,0,100,2.2038553983535802,28.297116334113525,0.39762457557190783,0.004953533115331084,0.0010790022200308157,0.3351002456392962,/home/superws/2026_Projects/Codex_reference_plane_real/exp/task_real_struc_001b_full_structure_diagnosis/20260515_001000_fullrunner,reused S02_plain_residual_unet checkpoints from 001b
O01_ref3_residual_UNet,ref3 + residual U-Net,Leave-One-Family-Out OOD,1,100,1.0302500799593464,31.364087011854625,0.5620039789296833,0.0020900708774570374,0.0008965415300917812,0.33491778494935714,/home/superws/2026_Projects/Codex_reference_plane_real/exp/task_real_struc_001b_full_structure_diagnosis/20260515_001000_fullrunner,reused S02_plain_residual_unet checkpoints from 001b
O01_ref3_residual_UNet,ref3 + residual U-Net,Leave-One-Family-Out OOD,2,100,0.9955858069099809,31.510635879882123,0.5608769043761986,0.0011057649774011225,0.0008997607000856079,0.334921004119351,/home/superws/2026_Projects/Codex_reference_plane_real/exp/task_real_struc_001b_full_structure_diagnosis/20260515_001000_fullrunner,reused S02_plain_residual_unet checkpoints from 001b
O01_ref3_residual_UNet,ref3 + residual U-Net,Random-ET OOD,0,100,1.9768544946807447,26.87082443912118,0.26893143559414695,0.009889245312660933,0.0010790022200308157,0.3351002456392962,/home/superws/2026_Projects/Codex_reference_plane_real/exp/task_real_struc_001b_full_structure_diagnosis/20260515_001000_fullrunner,reused S02_plain_residual_unet checkpoints from 001b
O01_ref3_residual_UNet,ref3 + residual U-Net,Random-ET OOD,1,100,1.4522004873109433,28.032241620684896,0.3413631448434796,0.007036268438678234,0.0008965415300917812,0.33491778494935714,/home/superws/2026_Projects/Codex_reference_plane_real/exp/task_real_struc_001b_full_structure_diagnosis/20260515_001000_fullrunner,reused S02_plain_residual_unet checkpoints from 001b
O01_ref3_residual_UNet,ref3 + residual U-Net,Random-ET OOD,2,100,1.279119820332775,28.44785162441829,0.3650785682134039,0.006015206428710371,0.0008997607000856079,0.334921004119351,/home/superws/2026_Projects/Codex_reference_plane_real/exp/task_real_struc_001b_full_structure_diagnosis/20260515_001000_fullrunner,reused S02_plain_residual_unet checkpoints from 001b
O01_ref3_residual_UNet,ref3 + residual U-Net,Unseen-Parameter OOD,0,100,1.3988137517236425,25.685762531277714,0.31943048388238293,0.006416929876431823,0.0010790022200308157,0.3351002456392962,/home/superws/2026_Projects/Codex_reference_plane_real/exp/task_real_struc_001b_full_structure_diagnosis/20260515_001000_fullrunner,reused S02_plain_residual_unet checkpoints from 001b
O01_ref3_residual_UNet,ref3 + residual U-Net,Unseen-Parameter OOD,1,100,0.988083025618192,27.046821362739806,0.32216080695246213,0.003106342589017004,0.0008965415300917812,0.33491778494935714,/home/superws/2026_Projects/Codex_reference_plane_real/exp/task_real_struc_001b_full_structure_diagnosis/20260515_001000_fullrunner,reused S02_plain_residual_unet checkpoints from 001b
O01_ref3_residual_UNet,ref3 + residual U-Net,Unseen-Parameter OOD,2,100,0.9959441004623045,27.011909263702748,0.3030496574798628,0.0024550961377099154,0.0008997607000856079,0.334921004119351,/home/superws/2026_Projects/Codex_reference_plane_real/exp/task_real_struc_001b_full_structure_diagnosis/20260515_001000_fullrunner,reused S02_plain_residual_unet checkpoints from 001b
O02_ref3_metadata_generic_FiLM,ref3 + metadata + generic FiLM,Leave-One-Family-Out OOD,0,100,1.0319169496765523,31.35533831853755,0.5527542004873789,0.0027226126194000244,0.002016861700685695,0.3360381051199511,/home/superws/2026_Projects/Codex_reference_plane_real/exp/task_real_struc_002b_film_variant_search/20260516_104031,reused G00_generic_film_sincos_Pcyc checkpoints from 002b
O02_ref3_metadata_generic_FiLM,ref3 + metadata + generic FiLM,Leave-One-Family-Out OOD,1,100,0.9956383197760007,31.51042057368818,0.5612666583819691,0.0011473502992885188,0.001778583839914063,0.33579982725917945,/home/superws/2026_Projects/Codex_reference_plane_real/exp/task_real_struc_002b_film_variant_search/20260516_104031,reused G00_generic_film_sincos_Pcyc checkpoints from 002b
O02_ref3_metadata_generic_FiLM,ref3 + metadata + generic FiLM,Leave-One-Family-Out OOD,2,100,0.9901789606965979,31.534305186641337,0.5645297351953752,0.0012653628265252336,0.0017474678695725743,0.33576871128883795,/home/superws/2026_Projects/Codex_reference_plane_real/exp/task_real_struc_002b_film_variant_search/20260516_104031,reused G00_generic_film_sincos_Pcyc checkpoints from 002b
O02_ref3_metadata_generic_FiLM,ref3 + metadata + generic FiLM,Random-ET OOD,0,100,1.2127927794645803,28.51792831940926,0.3263850399804965,0.008815495318267495,0.002016861700685695,0.3360381051199511,/home/superws/2026_Projects/Codex_reference_plane_real/exp/task_real_struc_002b_film_variant_search/20260516_104031,reused G00_generic_film_sincos_Pcyc checkpoints from 002b
O02_ref3_metadata_generic_FiLM,ref3 + metadata + generic FiLM,Random-ET OOD,1,100,1.0653468704479385,29.036700533394807,0.41589353934509143,0.003493269440950826,0.001778583839914063,0.33579982725917945,/home/superws/2026_Projects/Codex_reference_plane_real/exp/task_real_struc_002b_film_variant_search/20260516_104031,reused G00_generic_film_sincos_Pcyc checkpoints from 002b
O02_ref3_metadata_generic_FiLM,ref3 + metadata + generic FiLM,Random-ET OOD,2,100,1.1914143958800338,28.65624661824409,0.38454764857187984,0.005205746978754177,0.0017474678695725743,0.33576871128883795,/home/superws/2026_Projects/Codex_reference_plane_real/exp/task_real_struc_002b_film_variant_search/20260516_104031,reused G00_generic_film_sincos_Pcyc checkpoints from 002b
O02_ref3_metadata_generic_FiLM,ref3 + metadata + generic FiLM,Unseen-Parameter OOD,0,100,1.0040947246574712,26.976556100448242,0.31428705210002833,0.003891647830605507,0.002016861700685695,0.3360381051199511,/home/superws/2026_Projects/Codex_reference_plane_real/exp/task_real_struc_002b_film_variant_search/20260516_104031,reused G00_generic_film_sincos_Pcyc checkpoints from 002b
O02_ref3_metadata_generic_FiLM,ref3 + metadata + generic FiLM,Unseen-Parameter OOD,1,100,0.9912167803793394,27.032591974580345,0.30727859787882317,0.0025275253655854613,0.001778583839914063,0.33579982725917945,/home/superws/2026_Projects/Codex_reference_plane_real/exp/task_real_struc_002b_film_variant_search/20260516_104031,reused G00_generic_film_sincos_Pcyc checkpoints from 002b
O02_ref3_metadata_generic_FiLM,ref3 + metadata + generic FiLM,Unseen-Parameter OOD,2,100,0.9836587830923815,27.0658694928956,0.31407610140921116,0.002657083364902064,0.0017474678695725743,0.33576871128883795,/home/superws/2026_Projects/Codex_reference_plane_real/exp/task_real_struc_002b_film_variant_search/20260516_104031,reused G00_generic_film_sincos_Pcyc checkpoints from 002b
O03_ref3_metadata_RSB_FiLM_R04,ref3 + metadata + RSB-FiLM R04,Leave-One-Family-Out OOD,0,100,1.0245079998380024,31.3865295157905,0.5582260439805523,0.002245245383819565,0.001934655739896698,0.3359558991591621,/home/superws/2026_Projects/Codex_reference_plane_real/exp/task_real_struc_002b_film_variant_search/20260516_104031,reused R04_rsbfilm_env_productPcycDelta checkpoints from 002b
O03_ref3_metadata_RSB_FiLM_R04,ref3 + metadata + RSB-FiLM R04,Leave-One-Family-Out OOD,1,100,0.990566062835508,31.532643978278152,0.5656429800468628,0.0013690219959244132,0.0019403902406338602,0.33596163365989923,/home/superws/2026_Projects/Codex_reference_plane_real/exp/task_real_struc_002b_film_variant_search/20260516_104031,reused R04_rsbfilm_env_productPcycDelta checkpoints from 002b
O03_ref3_metadata_RSB_FiLM_R04,ref3 + metadata + RSB-FiLM R04,Leave-One-Family-Out OOD,2,100,0.9955308175763159,31.510874113380478,0.5620657206060242,0.0012780824571382255,0.0019408387498697265,0.3359620821691351,/home/superws/2026_Projects/Codex_reference_plane_real/exp/task_real_struc_002b_film_variant_search/20260516_104031,reused R04_rsbfilm_env_productPcycDelta checkpoints from 002b
O03_ref3_metadata_RSB_FiLM_R04,ref3 + metadata + RSB-FiLM R04,Random-ET OOD,0,100,1.1226700709903246,28.813132212699603,0.37607334427547806,0.00639543724944815,0.001934655739896698,0.3359558991591621,/home/superws/2026_Projects/Codex_reference_plane_real/exp/task_real_struc_002b_film_variant_search/20260516_104031,reused R04_rsbfilm_env_productPcycDelta checkpoints from 002b
O03_ref3_metadata_RSB_FiLM_R04,ref3 + metadata + RSB-FiLM R04,Random-ET OOD,1,100,1.1183373491780828,28.862085669200567,0.39728889476311985,0.004981069704517722,0.0019403902406338602,0.33596163365989923,/home/superws/2026_Projects/Codex_reference_plane_real/exp/task_real_struc_002b_film_variant_search/20260516_104031,reused R04_rsbfilm_env_productPcycDelta checkpoints from 002b
O03_ref3_metadata_RSB_FiLM_R04,ref3 + metadata + RSB-FiLM R04,Random-ET OOD,2,100,1.2291051255960384,28.568515754260645,0.38348644860347747,0.004807544976938516,0.0019408387498697265,0.3359620821691351,/home/superws/2026_Projects/Codex_reference_plane_real/exp/task_real_struc_002b_film_variant_search/20260516_104031,reused R04_rsbfilm_env_productPcycDelta checkpoints from 002b
O03_ref3_metadata_RSB_FiLM_R04,ref3 + metadata + RSB-FiLM R04,Unseen-Parameter OOD,0,100,1.0028855193127513,26.981794691475912,0.3119012221302372,0.003377105575054884,0.001934655739896698,0.3359558991591621,/home/superws/2026_Projects/Codex_reference_plane_real/exp/task_real_struc_002b_film_variant_search/20260516_104031,reused R04_rsbfilm_env_productPcycDelta checkpoints from 002b
O03_ref3_metadata_RSB_FiLM_R04,ref3 + metadata + RSB-FiLM R04,Unseen-Parameter OOD,1,100,0.9822239473741248,27.072251736799803,0.31595170999416805,0.0027119882951956243,0.0019403902406338602,0.33596163365989923,/home/superws/2026_Projects/Codex_reference_plane_real/exp/task_real_struc_002b_film_variant_search/20260516_104031,reused R04_rsbfilm_env_productPcycDelta checkpoints from 002b
O03_ref3_metadata_RSB_FiLM_R04,ref3 + metadata + RSB-FiLM R04,Unseen-Parameter OOD,2,100,0.9947478375169381,27.017124323592427,0.30614164570485425,0.0026456782303284853,0.0019408387498697265,0.3359620821691351,/home/superws/2026_Projects/Codex_reference_plane_real/exp/task_real_struc_002b_film_variant_search/20260516_104031,reused R04_rsbfilm_env_productPcycDelta checkpoints from 002b
