variant,sample_id,family,nmse,psnr,ssim,runtime_per_sample
S01_ref3,L_shape_test_0000,L-shape,3.0429111770592057,21.339281504715245,0.09227929327432895,0.0
S02_plain_residual_unet,L_shape_test_0000,L-shape,3.32593466008963,20.953036886312265,0.05486502208998843,0.01873248699848773
S03_concat_Mshell,L_shape_test_0000,L-shape,10.9621774300839,15.773205728385653,0.0013078531129048962,0.0010018959983426612
S04_concat_Mshell_delta,L_shape_test_0000,L-shape,2.8592437772003025,21.609662170789473,0.09980052656597914,0.0029408480004349258
S05_concat_Mshell_delta_Pcyc,L_shape_test_0000,L-shape,9.883082735814124,16.223249823776776,0.0015603214715821936,0.002927917998022167
S06_geometry_branch_bottleneck_concat,L_shape_test_0000,L-shape,2.6211143363847427,21.987314370104087,0.10175445321778163,0.003244231000280706
S07_generic_film_middeep,L_shape_test_0000,L-shape,2.552021521196281,22.103330931630886,0.052789027456589394,0.009675215998868225
S08_rsbfilm_middeep_default,L_shape_test_0000,L-shape,2.5152610208577273,22.16634356579275,0.05406428075130538,0.0019791960003203712
S01_ref3,cross_test_0000,cross,10.753727009748326,21.864774348822444,0.06885125524766704,0.0
S02_plain_residual_unet,cross_test_0000,cross,11.862507723108852,21.43859940427188,0.033649187525245525,0.0009904969992931
S03_concat_Mshell,cross_test_0000,cross,39.51300519911162,16.212963947154936,0.001262279755749925,0.0009619589982321486
S04_concat_Mshell_delta,cross_test_0000,cross,10.30784098137201,22.048687581447126,0.07317426827240943,0.0009534489981888328
S05_concat_Mshell_delta_Pcyc,cross_test_0000,cross,37.550911552104466,16.434159684987442,0.0013813464266310361,0.0009571650007274002
S06_geometry_branch_bottleneck_concat,cross_test_0000,cross,8.258822239502107,23.01118350225106,0.08809612896082716,0.0014202439997461624
S07_generic_film_middeep,cross_test_0000,cross,7.405968845875524,23.48454593073475,0.046414368706317766,0.0019241309964854736
S08_rsbfilm_middeep_default,cross_test_0000,cross,7.2306821376945125,23.588571801270668,0.048325398632031426,0.0019110310022369958
S01_ref3,double_line_test_0000,double-line,1.4189561916965179,24.712876898541637,0.32368730959949105,0.0
S02_plain_residual_unet,double_line_test_0000,double-line,1.5905168856865008,24.21718370061296,0.16414135185744635,0.0010404210006527137
S03_concat_Mshell,double_line_test_0000,double-line,11.450610421532181,15.644280380404611,0.001076415690025125,0.0009492099998169579
S04_concat_Mshell_delta,double_line_test_0000,double-line,1.3767427866227002,24.844038462507484,0.33200731111297144,0.0009524910019536037
S05_concat_Mshell_delta_Pcyc,double_line_test_0000,double-line,10.703386223860772,15.937354611232685,0.0012121411620133386,0.0009616569986974355
S06_geometry_branch_bottleneck_concat,double_line_test_0000,double-line,1.3356523355681515,24.975632454240447,0.3123614318495268,0.0014304679971246514
S07_generic_film_middeep,double_line_test_0000,double-line,1.6767249612198463,23.987948128927066,0.10886557824821415,0.0017775160013115965
S08_rsbfilm_middeep_default,double_line_test_0000,double-line,1.661095977161181,24.02861940519748,0.11103806624653902,0.0018824969993147533
S01_ref3,line_test_0000,line,2.3802509444870017,27.07478623842836,0.3825261612118287,0.0
S02_plain_residual_unet,line_test_0000,line,2.788737455747718,26.38693753279435,0.1586557866945991,0.0009799719991860911
S03_concat_Mshell,line_test_0000,line,32.985280216429146,15.657811855372383,0.0012808579492118771,0.0009359840005345177
S04_concat_Mshell_delta,line_test_0000,line,2.2885077914227283,27.245489736484938,0.39240209056632863,0.0009574119976605289
S05_concat_Mshell_delta_Pcyc,line_test_0000,line,30.328063808332537,16.02256698041644,0.0014437891854956163,0.0009521950014459435
S06_geometry_branch_bottleneck_concat,line_test_0000,line,2.143843212694765,27.52908352585105,0.38050377899034116,0.0014136409990896937
S07_generic_film_middeep,line_test_0000,line,3.1264289131557987,25.8905279705778,0.10385677672953478,0.001777041998138884
S08_rsbfilm_middeep_default,line_test_0000,line,3.0802361582237974,25.955173465028878,0.10693645039356071,0.0020338289978099056
S01_ref3,point_cluster_test_0000,point_cluster,13.364726545708512,21.658723684496497,0.08247248450220265,0.0
S02_plain_residual_unet,point_cluster_test_0000,point_cluster,14.878590108824454,21.192706660465916,0.035834364445602555,0.0010110609982802998
S03_concat_Mshell,point_cluster_test_0000,point_cluster,57.95195713132409,15.287643344391473,0.0010998119503505582,0.0010651839984348044
S04_concat_Mshell_delta,point_cluster_test_0000,point_cluster,12.845608144682505,21.83077792838411,0.08686080301157703,0.000984245001745876
S05_concat_Mshell_delta_Pcyc,point_cluster_test_0000,point_cluster,54.530796990857404,15.551905911100611,0.0012239896418481792,0.0009624750018701889
S06_geometry_branch_bottleneck_concat,point_cluster_test_0000,point_cluster,10.56290863320691,22.68048944699869,0.10186736649210926,0.0014225720005924813
S07_generic_film_middeep,point_cluster_test_0000,point_cluster,10.153342595886636,22.852233997333613,0.04519584983206613,0.0017983200013986789
S08_rsbfilm_middeep_default,point_cluster_test_0000,point_cluster,9.936027747136697,22.946196682423885,0.04707741259910382,0.0019068270012212452
S01_ref3,small_rect_edge_test_0000,small_rect_edge,1.856671688444159,27.201516902172813,0.37691903834900436,0.0
S02_plain_residual_unet,small_rect_edge_test_0000,small_rect_edge,2.2133640880227023,26.438339272985086,0.15574075338160193,0.0009346179977001157
S03_concat_Mshell,small_rect_edge_test_0000,small_rect_edge,29.660564951325398,15.167073746273578,0.001229039339527464,0.0009553329982736614
S04_concat_Mshell_delta,small_rect_edge_test_0000,small_rect_edge,1.8078971017052596,27.317130987782406,0.38529282799167935,0.0009539659986330662
S05_concat_Mshell_delta_Pcyc,small_rect_edge_test_0000,small_rect_edge,25.826814571061174,15.768159505516142,0.0013467228175269288,0.0009604869992472231
S06_geometry_branch_bottleneck_concat,small_rect_edge_test_0000,small_rect_edge,1.7142077305248902,27.548233570020027,0.3703727329392499,0.0014136490026430693
S07_generic_film_middeep,small_rect_edge_test_0000,small_rect_edge,2.523337817159239,25.86911395336923,0.10226277381885732,0.0018004230005317368
S08_rsbfilm_middeep_default,small_rect_edge_test_0000,small_rect_edge,2.4882289478715136,25.929964591716,0.10528544114142227,0.0018874029992730357
S01_ref3,L_shape_test_0001,L-shape,2.5611217491567078,23.57915155505416,0.22686428053173077,0.0
S02_plain_residual_unet,L_shape_test_0001,L-shape,2.8573347839172167,23.10384219021097,0.11085974077351445,0.000977919000433758
S03_concat_Mshell,L_shape_test_0001,L-shape,15.460341501676048,15.771262792887518,0.0014345050410851108,0.0009513290024187881
S04_concat_Mshell_delta,L_shape_test_0001,L-shape,2.429409387590057,23.808446411912723,0.24000363027048452,0.0010474199989403132
S05_concat_Mshell_delta_Pcyc,L_shape_test_0001,L-shape,14.508999013249932,16.04707924226103,0.0016833576918027409,0.0009532910007692408
S06_geometry_branch_bottleneck_concat,L_shape_test_0001,L-shape,2.1582803167651754,24.32237509872074,0.24400977139715802,0.0014075139988563024
S07_generic_film_middeep,L_shape_test_0001,L-shape,2.362440293923625,23.9298451029605,0.10132619258190383,0.001770145998307271
S08_rsbfilm_middeep_default,L_shape_test_0001,L-shape,2.3267656917976356,23.995927019132587,0.10404385074926241,0.0018771239992929623
S01_ref3,cross_test_0001,cross,2.15543072326895,23.165333476123813,0.2303705837373378,0.0
S02_plain_residual_unet,cross_test_0001,cross,2.4197651891991603,22.662941778990316,0.12766654707455496,0.0009776049992069602
S03_concat_Mshell,cross_test_0001,cross,10.654400438778985,16.22538387013343,0.0016724511752595381,0.0009435220017621759
S04_concat_Mshell_delta,cross_test_0001,cross,2.033583532805969,23.418054133487075,0.24569743404956249,0.0009489059993939009
S05_concat_Mshell_delta_Pcyc,cross_test_0001,cross,10.267788410773901,16.385905083742365,0.0016616151601151648,0.0009455219988012686
S06_geometry_branch_bottleneck_concat,cross_test_0001,cross,1.7526568913176739,24.063705235714316,0.263928507979087,0.0013953950001450721
S07_generic_film_middeep,cross_test_0001,cross,1.8273937386785695,23.88235264172544,0.13599439828399582,0.0017582769978616852
S08_rsbfilm_middeep_default,cross_test_0001,cross,1.7969934271245351,23.955209394552423,0.13951074037147643,0.001876791000540834
S01_ref3,double_line_test_0001,double-line,2.2537478413249934,23.108057155720658,0.16796838724166624,0.0
S02_plain_residual_unet,double_line_test_0001,double-line,2.5230118087071283,22.617917716793272,0.08971511204603477,0.000954996001382824
S03_concat_Mshell,double_line_test_0001,double-line,11.116626519818094,16.177380288107113,0.0015421202484221634,0.0009355669972137548
S04_concat_Mshell_delta,double_line_test_0001,double-line,2.1259316411653435,23.361617270355268,0.18238413734731887,0.0009359749965369701
S05_concat_Mshell_delta_Pcyc,double_line_test_0001,double-line,10.470797032080025,16.43731305337198,0.00175555616836839,0.0009396059977007098
S06_geometry_branch_bottleneck_concat,double_line_test_0001,double-line,1.9985620919189357,23.629933862354168,0.17710383317649064,0.001459956998587586
S07_generic_film_middeep,double_line_test_0001,double-line,2.1693276383538964,23.273858976839076,0.07698368233584381,0.0017616279983485583
S08_rsbfilm_middeep_default,double_line_test_0001,double-line,2.141925840173704,23.3290660567156,0.0788318038290577,0.0018747470021480694
S01_ref3,line_test_0001,line,2.8095012944802833,21.423931945356394,0.13889635238782713,0.0
S02_plain_residual_unet,line_test_0001,line,3.105616939945766,20.98874521297837,0.081803581405685,0.0009022390004247427
S03_concat_Mshell,line_test_0001,line,10.461494428862437,15.714287164996254,0.0023767680690045014,0.0009363019999000244
S04_concat_Mshell_delta,line_test_0001,line,2.6391742554997264,21.695543705388534,0.14848800394823136,0.0009254280012100935
S05_concat_Mshell_delta_Pcyc,line_test_0001,line,9.802161121047552,15.997006074543442,0.0017852405346618786,0.0009441289985261392
S06_geometry_branch_bottleneck_concat,line_test_0001,line,2.333223212607894,22.2306615779085,0.15690121254840192,0.0013867870002286509
S07_generic_film_middeep,line_test_0001,line,2.2401550331622957,22.407443517646517,0.08927793177064673,0.001779174999683164
S08_rsbfilm_middeep_default,line_test_0001,line,2.203126848636209,22.479829346803275,0.09168846281997564,0.001866345999587793
S01_ref3,point_cluster_test_0001,point_cluster,3.9558694141407313,25.698748756379928,0.22076768391511112,0.0
S02_plain_residual_unet,point_cluster_test_0001,point_cluster,4.780188796291358,24.876717873259363,0.09032489416724959,0.0009656639995228034
S03_concat_Mshell,point_cluster_test_0001,point_cluster,33.35059492482906,16.44013226618868,0.0014501146838599296,0.0009273709983972367
S04_concat_Mshell_delta,point_cluster_test_0001,point_cluster,3.794370818233092,25.879770564933047,0.23203814394248762,0.0009285180021834094
S05_concat_Mshell_delta_Pcyc,point_cluster_test_0001,point_cluster,31.736946968851967,16.655516679785205,0.0015790574056371597,0.0009404000011272728
S06_geometry_branch_bottleneck_concat,point_cluster_test_0001,point_cluster,3.3053132508525245,26.4790420027062,0.24460818665410006,0.0014934829996491317
S07_generic_film_middeep,point_cluster_test_0001,point_cluster,3.8612863805065873,25.8038479918309,0.09296511651271,0.0017619969985389616
S08_rsbfilm_middeep_default,point_cluster_test_0001,point_cluster,3.7819002238921167,25.894067713939684,0.09634589320090674,0.001866757000243524
S01_ref3,small_rect_edge_test_0001,small_rect_edge,5.7986830179431585,23.163875436528567,0.11760286424456741,0.0
S02_plain_residual_unet,small_rect_edge_test_0001,small_rect_edge,6.516293601873661,22.65716274857723,0.05250932962413765,0.0009924149999278598
S03_concat_Mshell,small_rect_edge_test_0001,small_rect_edge,30.729973422472227,15.92154739511141,0.001232812304713825,0.000934716998017393
S04_concat_Mshell_delta,small_rect_edge_test_0001,small_rect_edge,5.420350352536122,23.456895940442784,0.12792100791615288,0.0009360069998365361
S05_concat_Mshell_delta_Pcyc,small_rect_edge_test_0001,small_rect_edge,28.671067216311542,16.222730798320878,0.0013932394581191298,0.0009519820014247671
S06_geometry_branch_bottleneck_concat,small_rect_edge_test_0001,small_rect_edge,4.712077750761005,24.0650446998429,0.1350924411416576,0.0013870799994037952
S07_generic_film_middeep,small_rect_edge_test_0001,small_rect_edge,4.686735398834458,24.088465086175113,0.05657648427996186,0.0017426340018573683
S08_rsbfilm_middeep_default,small_rect_edge_test_0001,small_rect_edge,4.5930644802334735,24.176144015711657,0.058585988814797436,0.0018796690019371454
S01_ref3,L_shape_test_0002,L-shape,5.243198565646372,20.084957506129122,0.06497218249078694,0.0
S02_plain_residual_unet,L_shape_test_0002,L-shape,5.692756586021444,19.72769448510045,0.040412346543645554,0.0009988220008381177
S03_concat_Mshell,L_shape_test_0002,L-shape,13.727247403538849,15.905085992130179,0.0015794035171687768,0.0009423230003449135
S04_concat_Mshell_delta,L_shape_test_0002,L-shape,4.935233076529741,20.347844094811215,0.06972360592060241,0.0009415600034117233
S05_concat_Mshell_delta_Pcyc,L_shape_test_0002,L-shape,12.547792698630671,16.29524732661261,0.0017667737259867864,0.0009442039990972262
S06_geometry_branch_bottleneck_concat,L_shape_test_0002,L-shape,4.209641104754143,21.0384702750881,0.07867568417776463,0.0013849770002707373
S07_generic_film_middeep,L_shape_test_0002,L-shape,3.7190581803114906,21.576590995805617,0.049720164198595755,0.0018623229989316314
S08_rsbfilm_middeep_default,L_shape_test_0002,L-shape,3.6491650250054364,21.65898556140978,0.05111643103346798,0.001868856001237873
S01_ref3,cross_test_0002,cross,2.701914913956144,26.048271501408237,0.26968484183952673,0.0
S02_plain_residual_unet,cross_test_0002,cross,3.197568798672285,25.31678941910863,0.10853185563791366,0.0009634999987611081
S03_concat_Mshell,cross_test_0002,cross,31.551306160674645,15.374814997769668,0.0011753102711030122,0.0009406440003658645
S04_concat_Mshell_delta,cross_test_0002,cross,2.595113375974147,26.223424852060994,0.28190523123204736,0.000948524997511413
S05_concat_Mshell_delta_Pcyc,cross_test_0002,cross,27.271926005661214,16.007830324729408,0.0014032247619074458,0.0009457910018682014
S06_geometry_branch_bottleneck_concat,cross_test_0002,cross,2.415016379439138,26.535787266678557,0.27672833766739885,0.0013928389998909552
S07_generic_film_middeep,cross_test_0002,cross,3.0812110745387,25.477773883351627,0.08771282417285327,0.0017673080001259223
S08_rsbfilm_middeep_default,cross_test_0002,cross,3.0330888835761565,25.54613697252873,0.09058850051098778,0.001876635000371607
S01_ref3,double_line_test_0002,double-line,1.347697752556682,29.949906212283317,0.47839494157162543,0.0
S02_plain_residual_unet,double_line_test_0002,double-line,1.6893046320668794,28.968751269439554,0.2159044211311465,0.0010846779987332411
S03_concat_Mshell,double_line_test_0002,double-line,37.511716603819984,15.504161838289585,0.0010710620161427473,0.0009449320023122709
S04_concat_Mshell_delta,double_line_test_0002,double-line,1.317302575551716,30.04897592374792,0.48342754940302035,0.0009353850000479724
S05_concat_Mshell_delta_Pcyc,double_line_test_0002,double-line,31.784169575372868,16.223722458717415,0.0013745378651749992,0.0009394320004503243
S06_geometry_branch_bottleneck_concat,double_line_test_0002,double-line,1.3260134467564768,30.020351711357435,0.469898481899917,0.001383317998261191
S07_generic_film_middeep,double_line_test_0002,double-line,2.648781466952402,27.01536979626303,0.11306685020608634,0.001764616998116253
S08_rsbfilm_middeep_default,double_line_test_0002,double-line,2.6106232575543813,27.07838911692152,0.11672111807813156,0.001967575000890065
S01_ref3,line_test_0002,line,4.807651813460952,23.382970345778627,0.13800560093434078,0.0
S02_plain_residual_unet,line_test_0002,line,5.442021587652874,22.84469751717356,0.0643912213873123,0.000967732001299737
S03_concat_Mshell,line_test_0002,line,26.81158061284239,15.919076068446712,0.0013802527957154753,0.0009430509999219794
S04_concat_Mshell_delta,line_test_0002,line,4.526075185213298,23.645082649805566,0.14931739575468667,0.0009691679988463875
S05_concat_Mshell_delta_Pcyc,line_test_0002,line,24.709716453260356,16.273622487508838,0.0015129345017297635,0.001043798001774121
S06_geometry_branch_bottleneck_concat,line_test_0002,line,3.9658898859251686,24.218893762478174,0.15615552459163887,0.0013905439991503954
S07_generic_film_middeep,line_test_0002,line,3.9352981859565603,24.25252372685648,0.07125085854140163,0.002693073998671025
S08_rsbfilm_middeep_default,line_test_0002,line,3.8546669471950916,24.34243159098036,0.07379577409246844,0.0018837930001609493
S01_ref3,point_cluster_test_0002,point_cluster,12.368916055710809,24.68232246130341,0.13840100875980121,0.0
S02_plain_residual_unet,point_cluster_test_0002,point_cluster,14.409992335500482,24.0190013842976,0.05234147855032079,0.0009725339987198822
S03_concat_Mshell,point_cluster_test_0002,point_cluster,103.43740193656214,15.458862670831754,0.0007983470441274308,0.0009357519993500318
S04_concat_Mshell_delta,point_cluster_test_0002,point_cluster,11.959428332948969,24.828534464101363,0.1444143557263575,0.0009359520008729305
S05_concat_Mshell_delta_Pcyc,point_cluster_test_0002,point_cluster,89.37267506949868,16.093591177506987,0.0009099667686665857,0.0009463049973419402
S06_geometry_branch_bottleneck_concat,point_cluster_test_0002,point_cluster,10.03168927893284,25.591898017844905,0.16065689520308718,0.001392499001667602
S07_generic_film_middeep,point_cluster_test_0002,point_cluster,10.781851798344682,25.278705158067673,0.05779513145610084,0.0017549569965922274
S08_rsbfilm_middeep_default,point_cluster_test_0002,point_cluster,10.531987231188117,25.380535381898277,0.060345878546173765,0.0018682439986150712
S01_ref3,small_rect_edge_test_0002,small_rect_edge,1.6127609362147655,25.646138968452775,0.27356527273553055,0.0
S02_plain_residual_unet,small_rect_edge_test_0002,small_rect_edge,1.8816634888086363,24.97641918608011,0.1240608749528117,0.0009763259986357298
S03_concat_Mshell,small_rect_edge_test_0002,small_rect_edge,16.564141301845115,15.53014957660831,0.001256136225114421,0.0009561279985064175
S04_concat_Mshell_delta,small_rect_edge_test_0002,small_rect_edge,1.5645414906636774,25.777968189588385,0.28655958695873235,0.0009443650014873128
S05_concat_Mshell_delta_Pcyc,small_rect_edge_test_0002,small_rect_edge,14.317477848556214,16.163173623530785,0.0015847904009196002,0.0009475760016357526
S06_geometry_branch_bottleneck_concat,small_rect_edge_test_0002,small_rect_edge,1.5173675496269006,25.910931063903554,0.2715672805597041,0.001388576998579083
S07_generic_film_middeep,small_rect_edge_test_0002,small_rect_edge,2.0031254085277004,24.70475749874817,0.0872050473857747,0.0017593369993846864
S08_rsbfilm_middeep_default,small_rect_edge_test_0002,small_rect_edge,1.9820828746049421,24.75062071504061,0.08940871078900675,0.0018740529994829558
S01_ref3,L_shape_test_0003,L-shape,2.864450051882877,22.91788644436342,0.14939910995875008,0.0
S02_plain_residual_unet,L_shape_test_0003,L-shape,3.202241840519056,22.433757436885973,0.07784464296057135,0.0009698479989310727
S03_concat_Mshell,L_shape_test_0003,L-shape,13.96162066838857,16.03894054790857,0.0015033769093173587,0.0009467379968555178
S04_concat_Mshell_delta,L_shape_test_0003,L-shape,2.7326689524586634,23.12242842684043,0.15956076700605204,0.0009328359992650803
S05_concat_Mshell_delta_Pcyc,L_shape_test_0003,L-shape,13.057775446073272,16.32960695093604,0.0017007741458816195,0.0009447490010643378
S06_geometry_branch_bottleneck_concat,L_shape_test_0003,L-shape,2.4696747195570414,23.56190115913375,0.1611072264001858,0.001392923000821611
S07_generic_film_middeep,L_shape_test_0003,L-shape,2.568358570675675,23.391742247474532,0.07187940989879488,0.0017520129986223765
S08_rsbfilm_middeep_default,L_shape_test_0003,L-shape,2.530592549431893,23.456076571946042,0.07377165840938311,0.0018647150027391035
S01_ref3,cross_test_0003,cross,2.373120475336822,23.879702903179798,0.24715704033249272,0.0
S02_plain_residual_unet,cross_test_0003,cross,2.6897950112725955,23.335709037585374,0.12278843140077562,0.0009082529977604281
S03_concat_Mshell,cross_test_0003,cross,13.667507033142037,16.276007925774444,0.0017451065188001027,0.0009377239985042252
S04_concat_Mshell_delta,cross_test_0003,cross,2.267378778189075,24.077659931037818,0.2625776896648666,0.0009357320013805293
S05_concat_Mshell_delta_Pcyc,cross_test_0003,cross,13.167746631186938,16.437786416462,0.0018199457878498688,0.000975480998022249
S06_geometry_branch_bottleneck_concat,cross_test_0003,cross,2.002009903599103,24.618238643850567,0.2765847974367381,0.0015762410002935212
S07_generic_film_middeep,cross_test_0003,cross,2.2435621725325783,24.123519682042406,0.11741608419015567,0.0017555869999341667
S08_rsbfilm_middeep_default,cross_test_0003,cross,2.2090709339810863,24.190804225165298,0.12051618396201332,0.0018761870014714077
S01_ref3,double_line_test_0003,double-line,2.032300334940617,22.547409483099422,0.18892443253079708,0.0
S02_plain_residual_unet,double_line_test_0003,double-line,2.2624184186416,22.081559147657774,0.1115312907612915,0.00090798699966399
S03_concat_Mshell,double_line_test_0003,double-line,8.532235153536009,16.316660294111607,0.001587254969212653,0.0009350350010208786
S04_concat_Mshell_delta,double_line_test_0003,double-line,1.8988047857769539,22.84248509684144,0.2063753396112148,0.000938147000852041
S05_concat_Mshell_delta_Pcyc,double_line_test_0003,double-line,8.00628967785645,16.59297544577177,0.001932333716933808,0.0009522979999019299
S06_geometry_branch_bottleneck_concat,double_line_test_0003,double-line,1.7655802460721057,23.15841350365539,0.20407161201971247,0.0013932269976066891
S07_generic_film_middeep,double_line_test_0003,double-line,1.8732651689427906,22.901295692501957,0.10395790355364774,0.0017554519981786143
S08_rsbfilm_middeep_default,double_line_test_0003,double-line,1.8511454333746247,22.95288276873185,0.10606068708674254,0.0019105079991277307
S01_ref3,line_test_0003,line,20.815884979731333,20.72716650864688,0.03983880943284683,0.0
S02_plain_residual_unet,line_test_0003,line,22.558661005744195,20.377981970480107,0.018765569656882888,0.0009615130002202932
S03_concat_Mshell,line_test_0003,line,64.50670579450703,15.815066717756531,0.0009449859321615075,0.0009398910005984362
S04_concat_Mshell_delta,line_test_0003,line,19.68617233090641,20.969502388344196,0.04351962479532989,0.0009362950004287995
S05_concat_Mshell_delta_Pcyc,line_test_0003,line,59.67472191649578,16.153211033277394,0.0010548194955997828,0.0009359760006191209
S06_geometry_branch_bottleneck_concat,line_test_0003,line,16.07785684180395,21.84883369346577,0.05253842733048236,0.0015021930012153462
S07_generic_film_middeep,line_test_0003,line,14.225976926505837,22.3802942459386,0.026447592276038573,0.0017569989977346268
S08_rsbfilm_middeep_default,line_test_0003,line,13.901934477257432,22.480362700980745,0.02760426503826584,0.0018640400012372993
S01_ref3,point_cluster_test_0003,point_cluster,18.9885798124762,23.079165960302905,0.10246053228788736,0.0
S02_plain_residual_unet,point_cluster_test_0003,point_cluster,21.11459156272635,22.61826397742832,0.03979845942665814,0.0009972220032068435
S03_concat_Mshell,point_cluster_test_0003,point_cluster,108.47818707980456,15.510666795078729,0.0008504793115230775,0.0009406480021425523
S04_concat_Mshell_delta,point_cluster_test_0003,point_cluster,17.773892850825625,23.366265285399443,0.11130830625271262,0.0009419529997103382
S05_concat_Mshell_delta_Pcyc,point_cluster_test_0003,point_cluster,98.59142644804501,15.925699264558906,0.0008673400626748866,0.0009480560001975391
S06_geometry_branch_bottleneck_concat,point_cluster_test_0003,point_cluster,14.683558805550334,24.195777528109343,0.12486502211307918,0.001383691000228282
S07_generic_film_middeep,point_cluster_test_0003,point_cluster,14.746982050944869,24.17705930992003,0.04562430416472095,0.00175168100031442
S08_rsbfilm_middeep_default,point_cluster_test_0003,point_cluster,14.403853647833426,24.2793038748145,0.04763044087950791,0.0018625379998411518
S01_ref3,small_rect_edge_test_0003,small_rect_edge,9.547541992756518,20.71026289060194,0.05477431927618206,0.0
S02_plain_residual_unet,small_rect_edge_test_0003,small_rect_edge,10.317377484375744,20.373485335712456,0.029253313473008462,0.0009665069992479403
S03_concat_Mshell,small_rect_edge_test_0003,small_rect_edge,27.797109278049497,16.069182200490573,0.001334800171601187,0.0009344520003651269
S04_concat_Mshell_delta,small_rect_edge_test_0003,small_rect_edge,9.173275614250906,20.883934336388105,0.05807952140793911,0.0009387210011482239
S05_concat_Mshell_delta_Pcyc,small_rect_edge_test_0003,small_rect_edge,25.6957855441542,16.410559645271654,0.001538827428257858,0.0009439800014661159
S06_geometry_branch_bottleneck_concat,small_rect_edge_test_0003,small_rect_edge,7.427953098488008,21.800486948781128,0.06972587040293371,0.001392002999637043
S07_generic_film_middeep,small_rect_edge_test_0003,small_rect_edge,6.74436175492306,22.219770149230385,0.03773152482497572,0.0018506920023355633
S08_rsbfilm_middeep_default,small_rect_edge_test_0003,small_rect_edge,6.609744159611422,22.30733189338773,0.03904801242312187,0.0018700719992921222
