dataset,sample_id,family,model,NMSE,PSNR,SSIM,runtime,speedup_vs_BP
Main Test,line_test_0000,line,Baseline-Ours,0.7220197600069965,32.255522992255855,0.6668525324220198,0.44588397847954186,4.427207389890162
Main Test,line_test_0000,line,Ours-PC-P1,0.6608907023876304,32.63971743349053,0.699350330547586,0.4559373972006142,4.329587475557916
Main Test,line_test_0001,line,Baseline-Ours,0.7694717945951746,27.04829721113113,0.45864105343662914,0.5877923551900313,3.3583642712060446
Main Test,line_test_0001,line,Ours-PC-P1,0.785238106526664,26.96021077070467,0.44241022064364405,0.5917182005941868,3.3360826869546982
Main Test,line_test_0002,line,Baseline-Ours,0.6512914813108331,32.064546182375686,0.7041407293757469,0.26229796637315306,7.525871709390045
Main Test,line_test_0002,line,Ours-PC-P1,0.645205593411063,32.105318861591215,0.705504659852324,0.26634704088792205,7.411461520193556
Main Test,line_test_0003,line,Baseline-Ours,1.0823283335531428,33.56752504080311,0.7162952786740371,0.4062372044147924,4.859281284691643
Main Test,line_test_0003,line,Ours-PC-P1,1.0904267632467328,33.53515025286369,0.7075298701048524,0.4098021739628166,4.817009205854937
Main Test,line_test_0004,line,Baseline-Ours,0.9897439095064566,36.68317827749436,0.8139688278545434,0.2880685614375398,6.8526077080656
Main Test,line_test_0004,line,Ours-PC-P1,0.9805611955451603,36.72365959892819,0.8162933934879518,0.29221879807300866,6.755283566887643
Main Test,line_test_0005,line,Baseline-Ours,0.8456207296215303,33.145254726762154,0.6868892769754088,0.2774442053353414,7.115019187992386
Main Test,line_test_0005,line,Ours-PC-P1,0.8392823658120738,33.177929952856616,0.6892765435679836,0.28085886291228235,7.028515404816614
Main Test,line_test_0006,line,Baseline-Ours,0.8099779077348002,32.51430953365988,0.6547031974697263,0.5741026602638886,3.438445736605518
Main Test,line_test_0006,line,Ours-PC-P1,0.8133524115062366,32.496253566780354,0.6513719007309936,0.5775424928870052,3.4179664160996484
Main Test,line_test_0007,line,Baseline-Ours,0.7599256155546403,30.98119149940931,0.643864861821445,0.4255168245593086,4.639113498279818
Main Test,line_test_0007,line,Ours-PC-P1,0.7562441356080285,31.00228211525231,0.6460682843816941,0.4279678091406822,4.6125451550243834
Main Test,line_test_0008,line,Baseline-Ours,0.7855527227126596,26.868992765070537,0.43047157628238164,0.27094700033310803,7.285634615372565
Main Test,line_test_0008,line,Ours-PC-P1,0.7848071776409419,26.873116374720006,0.43399015914044103,0.27436783094890416,7.194796991072463
Main Test,line_test_0009,line,Baseline-Ours,0.6396902395041171,32.14712238449137,0.7002464560539143,0.3755566501943395,5.256253200513841
Main Test,line_test_0009,line,Ours-PC-P1,0.6565727696812586,32.03399100514437,0.6894558984495608,0.37822172581218183,5.219215898608948
Main Test,line_test_0010,line,Baseline-Ours,0.707657069938542,33.92144689025528,0.7404328381735098,0.4685524514364079,4.2130199906256784
Main Test,line_test_0010,line,Ours-PC-P1,0.6702096706557783,34.157568516437735,0.7515567809577233,0.47405632422305644,4.16410612767065
Main Test,line_test_0011,line,Baseline-Ours,0.7761189335134973,28.847606668123866,0.5165361431356196,0.27088776542339477,7.287227761921546
Main Test,line_test_0011,line,Ours-PC-P1,0.7778796516046189,28.837765411909125,0.5125960009825495,0.27330288803204894,7.222831997028768
Main Test,line_test_0012,line,Baseline-Ours,0.6139101425899993,31.80087130956953,0.6888746210783581,0.3953236523969099,4.993429643254212
Main Test,line_test_0012,line,Ours-PC-P1,0.6279764816642139,31.702485730045687,0.6795524566365471,0.3988565751351416,4.9491997064092805
Main Test,line_test_0013,line,Baseline-Ours,0.7369717619253735,28.339226941312926,0.5244848824102456,0.2776985094835982,7.1085035646359715
Main Test,line_test_0013,line,Ours-PC-P1,0.7202823391765729,28.43870781082288,0.5412530334474129,0.2839098470285535,6.952984777451984
Main Test,line_test_0014,line,Baseline-Ours,0.9913506980873192,34.86768779893028,0.7521035361488173,0.19520228830631822,10.112693153783892
Main Test,line_test_0014,line,Ours-PC-P1,0.9384111301297213,35.10602942114902,0.764037208489351,0.19830270786769688,9.954583403244682
Main Test,line_test_0015,line,Baseline-Ours,0.9033293293755581,35.83063444279172,0.798845219280671,0.22016967236530036,8.965907172187661
Main Test,line_test_0015,line,Ours-PC-P1,0.8923497727035552,35.88374439620853,0.7977417558647147,0.22266965196467936,8.865244217794798
Main Test,line_test_0016,line,Baseline-Ours,0.6186597950087473,30.288491491891545,0.6636818888852671,0.34911554245743903,5.654348215673922
Main Test,line_test_0016,line,Ours-PC-P1,0.6454084595025764,30.104663835285077,0.6461308022144991,0.35173938516527414,5.612168917707943
Main Test,line_test_0017,line,Baseline-Ours,0.9297164375391729,32.41149764832304,0.6375871431409184,0.2132032314268872,9.25886925515571
Main Test,line_test_0017,line,Ours-PC-P1,0.9169113354354104,32.471729372751064,0.6413476896909522,0.2157553918659687,9.149346523791872
Main Test,line_test_0018,line,Baseline-Ours,0.6691216542852075,31.11355259739751,0.6483793541610011,0.2924851103173569,6.74913277608002
Main Test,line_test_0018,line,Ours-PC-P1,0.6581119996907216,31.185605178897955,0.6532337682906056,0.29601430683396757,6.668667017048838
Main Test,line_test_0019,line,Baseline-Ours,0.6215754954514306,31.36614995787294,0.6841122233800107,0.2670737813180313,7.3912940267528215
Main Test,line_test_0019,line,Ours-PC-P1,0.6460215677755414,31.198618540220483,0.6742758056192063,0.27002976601943374,7.310382383607982
Main Test,cross_test_0000,cross,Baseline-Ours,0.8494072423825269,32.889204723369446,0.6933142942128572,0.2741575155826286,7.200316359604966
Main Test,cross_test_0000,cross,Ours-PC-P1,0.8599419579982586,32.835673144107375,0.6862167092033815,0.27764297812245786,7.109925336154504
Main Test,cross_test_0001,cross,Baseline-Ours,0.7392629155710146,27.81268504425092,0.502253666334274,0.36666908845771107,5.383657653993713
Main Test,cross_test_0001,cross,Ours-PC-P1,0.7517694579037209,27.73982727316828,0.49193263854291464,0.37058797013014555,5.326726725276603
Main Test,cross_test_0002,cross,Baseline-Ours,0.8829770885941711,30.905493899162582,0.5647747532382461,0.26799614037852737,7.3658554998966626
Main Test,cross_test_0002,cross,Ours-PC-P1,0.8554579197203455,31.043001838710182,0.5798378652742671,0.2706562818493694,7.293460292404638
Main Test,cross_test_0003,cross,Baseline-Ours,0.8076134098745416,28.56086555005655,0.4937352270495635,0.43043082844931635,4.586151163172776
Main Test,cross_test_0003,cross,Ours-PC-P1,0.8182139633740246,28.504232084481927,0.49313452980083733,0.43349481117911637,4.553735808714456
Main Test,cross_test_0004,cross,Baseline-Ours,0.77675287342251,28.962860568609308,0.5280373316130121,0.38315833624918016,5.151971542319478
Main Test,cross_test_0004,cross,Ours-PC-P1,0.778509414217961,28.953050522776387,0.5315986745073372,0.3859005067497492,5.115362146539956
Main Test,cross_test_0005,cross,Baseline-Ours,0.9332233295863702,31.464856009147315,0.6315014299624129,0.3005375725636259,6.568299689518321
Main Test,cross_test_0005,cross,Ours-PC-P1,0.9187783017067181,31.532604486806548,0.6277849796309936,0.30339936818927526,6.50634461218378
Main Test,cross_test_0006,cross,Baseline-Ours,0.7150371921424605,30.176956264921422,0.5823214953748725,0.30674089639913293,6.435466766027988
Main Test,cross_test_0006,cross,Ours-PC-P1,0.663718231872141,30.500405203557396,0.6196499736204731,0.3094939941074699,6.378220198589014
Main Test,cross_test_0007,cross,Baseline-Ours,0.8184886011207444,34.80119824087919,0.7542154909304464,0.31282114828471097,6.310381684174431
Main Test,cross_test_0007,cross,Ours-PC-P1,0.8301913053562565,34.73954282920143,0.7529303585896443,0.3164451150223613,6.238114449700896
Main Test,cross_test_0008,cross,Baseline-Ours,0.7433998219935689,29.25380956769645,0.555612775418282,0.27833701935131105,7.092196536267017
Main Test,cross_test_0008,cross,Ours-PC-P1,0.7660972788377273,29.12319501995803,0.5362422937539577,0.28158483910374343,7.010394632187465
Main Test,cross_test_0009,cross,Baseline-Ours,0.8981053910374331,33.34632648505901,0.701418781706829,0.29352108840364965,6.72531181760809
Main Test,cross_test_0009,cross,Ours-PC-P1,0.9052320645616,33.31200023011146,0.6965805002150017,0.2973149500321597,6.639494059564545
Main Test,cross_test_0010,cross,Baseline-Ours,0.6879570606582125,33.67190318782802,0.7470663539864596,0.5834394014393911,3.3834205226595744
Main Test,cross_test_0010,cross,Ours-PC-P1,0.7294795053438987,33.41738576089563,0.7249109096581111,0.5872084160801023,3.361703937650944
Main Test,cross_test_0011,cross,Baseline-Ours,0.7139124832264778,28.77770932232924,0.5474775791321642,0.29694202853832397,6.6478324212817945
Main Test,cross_test_0011,cross,Ours-PC-P1,0.7441424998626311,28.597598170747126,0.5256480118700853,0.3004807741381228,6.569541263398271
Main Test,cross_test_0012,cross,Baseline-Ours,0.8590476095968397,32.32643047085487,0.6505125526340078,0.3564175943331793,5.538505606748859
Main Test,cross_test_0012,cross,Ours-PC-P1,0.8833352032194046,32.20534764446363,0.6410018590351136,0.3600430318620056,5.482735867291665
Main Test,cross_test_0013,cross,Baseline-Ours,0.9276794302585497,31.98826148252141,0.6565811807767409,0.5731976333493367,3.4438747295999077
Main Test,cross_test_0013,cross,Ours-PC-P1,0.9098500275496623,32.07254255408367,0.6518648053200579,0.5804759808816016,3.400693412947418
Main Test,cross_test_0014,cross,Baseline-Ours,0.6757872155520795,29.405424274923316,0.5712196494278621,0.24860853245016187,7.940277934563579
Main Test,cross_test_0014,cross,Ours-PC-P1,0.6936572781305743,29.292074727608433,0.5601667922192567,0.2521700782235712,7.8281327367004625
Main Test,L_shape_test_0000,L-shape,Baseline-Ours,0.6825317214990932,27.830945877774983,0.5353030969481889,0.32513097752351316,6.071463444037702
Main Test,L_shape_test_0000,L-shape,Ours-PC-P1,0.6954272601210725,27.749656906751273,0.5276973382849935,0.3285585071425885,6.008125802999111
Main Test,L_shape_test_0001,L-shape,Baseline-Ours,0.5900710188912967,29.954410629964528,0.6426040115609996,0.4745695782778785,4.1596025849815215
Main Test,L_shape_test_0001,L-shape,Ours-PC-P1,0.5831651825679602,30.00553796561195,0.6496513500585115,0.4783114828169346,4.12706137208455
Main Test,L_shape_test_0002,L-shape,Baseline-Ours,0.6141413192817137,29.398237435386374,0.6440097458933982,0.29986819633748385,6.582961676724833
Main Test,L_shape_test_0002,L-shape,Ours-PC-P1,0.6324546807111562,29.27062680511058,0.6299794536842925,0.3029743239749223,6.515472396009527
Main Test,L_shape_test_0003,L-shape,Baseline-Ours,0.6811842322129271,29.15565289438263,0.5767069281137587,0.3231196534773335,6.109256503943142
Main Test,L_shape_test_0003,L-shape,Ours-PC-P1,0.6720121238289299,29.214527785729068,0.5845142471018462,0.326714969240129,6.042027548200242
Main Test,L_shape_test_0004,L-shape,Baseline-Ours,0.6871675690240565,27.40975850693291,0.5397194820983838,0.7643975004041568,2.582453296242515
Main Test,L_shape_test_0004,L-shape,Ours-PC-P1,0.701400899433083,27.32072164468635,0.5287345103361577,0.7673847440164536,2.572400428794462
Main Test,L_shape_test_0005,L-shape,Baseline-Ours,0.6707999418995586,28.873789351634358,0.5769408831749641,0.291210834258236,6.778665531405876
Main Test,L_shape_test_0005,L-shape,Ours-PC-P1,0.6956059489227383,28.71608672190963,0.5569724696777457,0.29690253688022494,6.648716664063413
Main Test,L_shape_test_0006,L-shape,Baseline-Ours,0.8552934324389482,31.839929269495535,0.6404981412492837,0.2732725272374228,7.223634459395175
Main Test,L_shape_test_0006,L-shape,Ours-PC-P1,0.81557574450941,32.04643770913749,0.6590621775083291,0.2769670218694955,7.127277577069791
Main Test,L_shape_test_0007,L-shape,Baseline-Ours,0.6746187850170376,28.708937167996645,0.5667398000133884,0.3531524132424966,5.589713592592011
Main Test,L_shape_test_0007,L-shape,Ours-PC-P1,0.6686428209365722,28.747579469585823,0.5747891131738516,0.3560138298198581,5.54478696953178
Main Test,L_shape_test_0008,L-shape,Baseline-Ours,0.8947562131919773,30.957361260368252,0.6030726649298461,0.2521607853425667,7.828421226863239
Main Test,L_shape_test_0008,L-shape,Ours-PC-P1,0.8482853364403932,31.18898870776316,0.6155217015220601,0.2558965948410332,7.714134866798618
Main Test,L_shape_test_0009,L-shape,Baseline-Ours,0.6241015531600728,28.45068706540248,0.630529950719484,0.671708541312255,2.9388056324277065
Main Test,L_shape_test_0009,L-shape,Ours-PC-P1,0.6390727389119053,28.347736896769227,0.6201022128607294,0.6754882480017841,2.9223614924430783
Main Test,L_shape_test_0010,L-shape,Baseline-Ours,0.847007027058786,31.323581849780634,0.6177987810306841,0.3516333753662184,5.613860864323117
Main Test,L_shape_test_0010,L-shape,Ours-PC-P1,0.8262185290322875,31.431502832129716,0.6278145615064665,0.3544898168183863,5.568624967214763
Main Test,L_shape_test_0011,L-shape,Baseline-Ours,0.8740622583675965,33.96441997335223,0.7257462680295044,0.2317897724872455,8.51642772403548
Main Test,L_shape_test_0011,L-shape,Ours-PC-P1,0.8591341822513039,34.03923381997547,0.7288304501416062,0.23471547407098114,8.410271424888174
Main Test,L_shape_test_0012,L-shape,Baseline-Ours,0.7660146522872785,27.91596823835222,0.4808616223596298,0.505559052429162,3.9046296077051257
Main Test,L_shape_test_0012,L-shape,Ours-PC-P1,0.7283501620251766,28.13493677957633,0.5126072906453318,0.5084873801097274,3.8821432385053027
Main Test,L_shape_test_0013,L-shape,Baseline-Ours,0.7241529739153406,28.663890162049608,0.5395535971310239,0.4899636184284464,4.028913107650538
Main Test,L_shape_test_0013,L-shape,Ours-PC-P1,0.7291636412783514,28.63394344745614,0.5363843864022249,0.4928489811718464,4.0053260125741295
Main Test,L_shape_test_0014,L-shape,Baseline-Ours,0.8406212523893403,32.94679412114198,0.6943392527282034,0.25833797743078324,7.641233643579002
Main Test,L_shape_test_0014,L-shape,Ours-PC-P1,0.8028773990993113,33.14630550178465,0.7016031418887035,0.2615691109094769,7.546842353420766
Main Test,L_shape_test_0015,L-shape,Baseline-Ours,0.6490441935977757,27.742880953449735,0.5719382270438964,0.378728392389603,5.212233580120795
Main Test,L_shape_test_0015,L-shape,Ours-PC-P1,0.6519239466148194,27.72365427088257,0.5721698354850914,0.3816615140531212,5.172176842235923
Main Test,L_shape_test_0016,L-shape,Baseline-Ours,0.6498545583264976,29.282592290025526,0.6032110133069584,0.43011498832609507,4.589518845275939
Main Test,L_shape_test_0016,L-shape,Ours-PC-P1,0.6679327428507792,29.16342633789081,0.5903754537277821,0.43302457802928984,4.558680834104366
Main Test,L_shape_test_0017,L-shape,Baseline-Ours,0.6527051383272451,28.152951177071,0.5754943708236526,0.39716786038596186,4.970243167813049
Main Test,L_shape_test_0017,L-shape,Ours-PC-P1,0.6532179127795882,28.149540747386407,0.5809552175218407,0.40003335615620017,4.934640609788206
Main Test,L_shape_test_0018,L-shape,Baseline-Ours,0.6669110178054827,27.958974713595026,0.542694580802956,0.5481890033418313,3.6009858507273345
Main Test,L_shape_test_0018,L-shape,Ours-PC-P1,0.6795175121319388,27.877647052336123,0.5296208943707696,0.5510233519598842,3.582463134342748
Main Test,L_shape_test_0019,L-shape,Baseline-Ours,0.9318722780179365,33.636444375084466,0.7293203306275825,0.46144579546060416,4.277904065823882
Main Test,L_shape_test_0019,L-shape,Ours-PC-P1,0.9188871851039094,33.69738641377343,0.7269724496332861,0.4644224641378969,4.250485273623899
Main Test,double_line_test_0000,double-line,Baseline-Ours,0.6102811777653759,28.37726694546496,0.5727631257804479,0.2984173703892157,6.6149662869276185
Main Test,double_line_test_0000,double-line,Ours-PC-P1,0.620239933631069,28.30696954543861,0.5630017298504966,0.3020738691557199,6.5348944285566155
Main Test,double_line_test_0001,double-line,Baseline-Ours,0.6760330631080241,28.337431033622956,0.5606016970010891,0.49207405033055696,4.011633702757096
Main Test,double_line_test_0001,double-line,Ours-PC-P1,0.6812807978907571,28.30384896804087,0.5573409965729775,0.4959256579168141,3.9804773418062864
Main Test,double_line_test_0002,double-line,Baseline-Ours,0.904291900164445,31.68274485793858,0.5988088217578054,0.24813758357893675,7.95534806169451
Main Test,double_line_test_0002,double-line,Ours-PC-P1,0.8893389685917362,31.755157708505614,0.6052334314577114,0.2510438512545079,7.863251120048323
Main Test,double_line_test_0003,double-line,Baseline-Ours,0.6103634097708226,27.77140346737432,0.5915445828709618,0.4032584422687069,4.895175494535305
Main Test,double_line_test_0003,double-line,Ours-PC-P1,0.6234442539693194,27.679311984955728,0.5808387645226624,0.40616604988463223,4.860132561840056
Main Test,double_line_test_0004,double-line,Baseline-Ours,0.7802435812032207,26.972821355471034,0.4359059750928523,0.4853643282270059,4.067090904206294
Main Test,double_line_test_0004,double-line,Ours-PC-P1,0.7826769160950435,26.959297963345037,0.4346762440500625,0.4881791998632252,4.043639805037416
Main Test,double_line_test_0005,double-line,Baseline-Ours,0.8716793177988216,26.59073071630623,0.35997907428140874,0.325692318235524,6.0609990903461926
Main Test,double_line_test_0005,double-line,Ours-PC-P1,0.8756207945138227,26.571137175135817,0.3566152207291156,0.3299337618518621,5.983082281359782
Main Test,double_line_test_0006,double-line,Baseline-Ours,0.5987175841925283,27.53055597243035,0.582175568900028,0.47903462647926065,4.120831220629345
Main Test,double_line_test_0006,double-line,Ours-PC-P1,0.6176526976822546,27.395332649691113,0.5733357202834293,0.48224545014090836,4.093394440489714
Main Test,double_line_test_0007,double-line,Baseline-Ours,1.0025117207881173,31.931512046867887,0.669828330998225,0.3061391423409805,6.448116465811392
Main Test,double_line_test_0007,double-line,Ours-PC-P1,0.9920668077375285,31.976997498925492,0.6643383203355107,0.3090623340103775,6.387128508813925
Main Test,double_line_test_0008,double-line,Baseline-Ours,0.9243278692375966,28.70923350097838,0.4747163620470082,2.5175786582706494,0.7840950025824532
Main Test,double_line_test_0008,double-line,Ours-PC-P1,0.8890128123393967,28.87841369029086,0.48572609648447446,2.5211812518537045,0.7829745850707284
Main Test,double_line_test_0009,double-line,Baseline-Ours,0.5680057833003357,30.42652449344239,0.6728161169475528,0.5689480291632936,3.4695978250619635
Main Test,double_line_test_0009,double-line,Ours-PC-P1,0.5771610040318227,30.35708216603309,0.6681624316094893,0.5718020419590175,3.452280159397781
Main Test,double_line_test_0010,double-line,Baseline-Ours,0.8069198883162025,27.27223923049472,0.44629179444960937,0.5139416624745354,3.8409434157443147
Main Test,double_line_test_0010,double-line,Ours-PC-P1,0.7860230841169998,27.386190378359903,0.47063420272872736,0.5177851771004498,3.812432127958147
Main Test,double_line_test_0011,double-line,Baseline-Ours,0.6903405492390382,29.591564541079485,0.590506510008032,0.3156724363518879,6.253383625670009
Main Test,double_line_test_0011,double-line,Ours-PC-P1,0.7056309016834366,29.49642239139489,0.5775003949511793,0.3187236429657787,6.193518705388932
Main Test,double_line_test_0012,double-line,Baseline-Ours,0.5939932800750025,32.91096003022186,0.741898417503229,0.4753655782854185,4.152637327419224
Main Test,double_line_test_0012,double-line,Ours-PC-P1,0.577400010957918,33.03400702457403,0.7499065940110312,0.478957719868049,4.121492905682967
Main Test,double_line_test_0013,double-line,Baseline-Ours,0.8038367766280496,25.960720231612584,0.4095470439635944,0.4676292832894251,4.221337104196046
Main Test,double_line_test_0013,double-line,Ours-PC-P1,0.8047679889104955,25.955692239646858,0.421382262930871,0.4706382439471781,4.194348568026289
Main Test,double_line_test_0014,double-line,Baseline-Ours,0.8436647269121138,26.516269028080846,0.40679036619551284,0.35330100925173613,5.5873625969511815
Main Test,double_line_test_0014,double-line,Ours-PC-P1,0.8326283760861962,26.573455954742087,0.4086985653758164,0.35629537771455944,5.540405427711471
Main Test,small_rect_edge_test_0000,small_rect_edge,Baseline-Ours,0.7016073588542429,31.427926825001286,0.6471040070217932,0.2028651855373755,9.730702877032412
Main Test,small_rect_edge_test_0000,small_rect_edge,Ours-PC-P1,0.6902592038800882,31.498746106683498,0.6507043501911356,0.2056474203709513,9.599054736487684
Main Test,small_rect_edge_test_0001,small_rect_edge,Baseline-Ours,0.6596080053345116,32.604310253036815,0.7223246943461236,0.24209882746916264,8.153781103337623
Main Test,small_rect_edge_test_0001,small_rect_edge,Ours-PC-P1,0.6784465513246523,32.482012886661664,0.7118268838788236,0.24530838895589113,8.047098808810825
Main Test,small_rect_edge_test_0002,small_rect_edge,Baseline-Ours,0.8341750962032821,28.509266629012412,0.4898296049541398,0.28016039528418335,7.046038190215598
Main Test,small_rect_edge_test_0002,small_rect_edge,Ours-PC-P1,0.8127238813921978,28.622408818645052,0.5015464361740046,0.2829694279935211,6.976092288681628
Main Test,small_rect_edge_test_0003,small_rect_edge,Baseline-Ours,0.8085220556899329,31.432260010674273,0.6746188332679565,0.29140071346890184,6.774248494655524
Main Test,small_rect_edge_test_0003,small_rect_edge,Ours-PC-P1,0.825603523958373,31.341463342448534,0.6642181705712639,0.2949732970446348,6.692201851273164
Main Test,small_rect_edge_test_0004,small_rect_edge,Baseline-Ours,0.7678053924326818,30.298845642713342,0.6193578070579784,0.30537316235248,6.46429053997784
Main Test,small_rect_edge_test_0004,small_rect_edge,Ours-PC-P1,0.7480539595070611,30.412027728230065,0.6237473570107048,0.311060253996402,6.346104393591497
Main Test,small_rect_edge_test_0005,small_rect_edge,Baseline-Ours,0.7660367452533291,30.619221837170212,0.616362704788129,0.2971174133429304,6.643908286451914
Main Test,small_rect_edge_test_0005,small_rect_edge,Ours-PC-P1,0.7775628798769642,30.554362497830965,0.6075401109306484,0.30031683994457126,6.573127384140676
Main Test,small_rect_edge_test_0006,small_rect_edge,Baseline-Ours,0.8049648688094853,30.907402556800836,0.6125521948932342,0.29060086034704,6.79289401346179
Main Test,small_rect_edge_test_0006,small_rect_edge,Ours-PC-P1,0.7777157064811389,31.056963011244633,0.6268735252793881,0.2944534078706056,6.7040176537053915
Main Test,small_rect_edge_test_0007,small_rect_edge,Baseline-Ours,0.8995119290306082,29.53761210868093,0.4970045481795957,0.2647884412156418,7.455086919563175
Main Test,small_rect_edge_test_0007,small_rect_edge,Ours-PC-P1,0.8735612344187262,29.664747816176895,0.5101585988092475,0.269612519768998,7.32169576638941
Main Test,small_rect_edge_test_0008,small_rect_edge,Baseline-Ours,0.7705132969075116,29.554375403296863,0.5818718891712314,0.28211397523526105,6.997245857501651
Main Test,small_rect_edge_test_0008,small_rect_edge,Ours-PC-P1,0.759613385491839,29.616250911437977,0.5800818680239279,0.2860696588177234,6.900490085934111
Main Test,small_rect_edge_test_0009,small_rect_edge,Baseline-Ours,0.8063550036026803,31.830549752813656,0.6536181993880313,0.2624976654490456,7.520146288468376
Main Test,small_rect_edge_test_0009,small_rect_edge,Ours-PC-P1,0.8054314645317716,31.83552706083455,0.6512902676544471,0.2663504409138113,7.41136691114782
Main Test,point_cluster_test_0000,point_cluster,Baseline-Ours,0.9796828341038826,33.007469494435895,0.7028186481017993,0.4485812022769824,4.40058752916572
Main Test,point_cluster_test_0000,point_cluster,Ours-PC-P1,0.9726320887495425,33.03883837992528,0.7042081850811078,0.45414303499273956,4.3466940863461945
Main Test,point_cluster_test_0001,point_cluster,Baseline-Ours,0.9667666384738925,31.817951571896067,0.5958084589164271,0.3889881773805246,5.074757947276078
Main Test,point_cluster_test_0001,point_cluster,Ours-PC-P1,0.9634483907876246,31.83288386647741,0.5931869211784752,0.3920931778848171,5.034570749757218
Main Test,point_cluster_test_0002,point_cluster,Baseline-Ours,0.9935312634176222,35.63382359696885,0.7721545957154197,0.23048540143761784,8.564624189842815
Main Test,point_cluster_test_0002,point_cluster,Ours-PC-P1,0.9762391854363988,35.71007637383723,0.7741562960471696,0.2333131900522858,8.460819742406647
Main Test,point_cluster_test_0003,point_cluster,Baseline-Ours,0.9400144030005446,36.1327458154896,0.7943698675969972,0.35363984140101823,5.582009189738796
Main Test,point_cluster_test_0003,point_cluster,Ours-PC-P1,0.9409634013118984,36.12836355675876,0.7925806239583723,0.3572169311810285,5.526112208712386
Main Test,point_cluster_test_0004,point_cluster,Baseline-Ours,0.9968757832894863,31.431979129135975,0.570663290220387,0.343764255377464,5.742367956176004
Main Test,point_cluster_test_0004,point_cluster,Ours-PC-P1,0.9826746504465385,31.494291902718764,0.5741154711941362,0.3465923590119928,5.695511725028966
Main Test,point_cluster_test_0005,point_cluster,Baseline-Ours,0.9303477679500168,31.679498152521504,0.5947786081840788,0.2589514645235613,7.623130644154526
Main Test,point_cluster_test_0005,point_cluster,Ours-PC-P1,0.9302835183531831,31.679798113190643,0.5913779180947139,0.2619581881444901,7.535633295300658
Main Test,point_cluster_test_0006,point_cluster,Baseline-Ours,0.9459732610235805,35.30919224410538,0.7903810892782052,0.5388436153018847,3.6634392400702707
Main Test,point_cluster_test_0006,point_cluster,Ours-PC-P1,0.9496872658136707,35.29217472373737,0.7854996125394358,0.5417854927945882,3.6435468849046524
Main Test,point_cluster_test_0007,point_cluster,Baseline-Ours,1.010955725360241,35.56079167430478,0.7988916881652962,0.26123435152228924,7.556513272680469
Main Test,point_cluster_test_0007,point_cluster,Ours-PC-P1,1.0426368423532082,35.42678204857594,0.7914041306873947,0.26446917722932994,7.46408661016295
Main Test,point_cluster_test_0008,point_cluster,Baseline-Ours,0.9387646871039792,35.02447425372218,0.7523479724773405,0.2590383522631601,7.620573661435366
Main Test,point_cluster_test_0008,point_cluster,Ours-PC-P1,0.9344110226650506,35.044662067484886,0.7525284354102836,0.2621604718733579,7.529818780276861
Main Test,point_cluster_test_0009,point_cluster,Baseline-Ours,0.9692971398254432,36.21484622089866,0.8331336777087998,0.3577121634455398,5.518461618817137
Main Test,point_cluster_test_0009,point_cluster,Ours-PC-P1,0.9503936814053849,36.30038007921954,0.8343149374455189,0.36049348302185535,5.475884967492121
Main Test,point_cluster_test_0010,point_cluster,Baseline-Ours,0.9350038489397938,31.57451709201153,0.6056836929349099,0.3971102054649964,4.9709647785223074
Main Test,point_cluster_test_0010,point_cluster,Ours-PC-P1,0.9144669623776245,31.670970970666595,0.609106237114152,0.40086237411014736,4.924435347518648
Main Test,point_cluster_test_0011,point_cluster,Baseline-Ours,0.9790831829681453,34.99885233434505,0.7500868388629357,0.26627125343773517,7.413571007280583
Main Test,point_cluster_test_0011,point_cluster,Ours-PC-P1,0.9557964360831077,35.10339417206235,0.7523859034825852,0.2693571581039578,7.328637035130825
Main Test,point_cluster_test_0012,point_cluster,Baseline-Ours,0.927098166632995,33.983489146157105,0.7039821492990495,0.311871501239948,6.329596762480326
Main Test,point_cluster_test_0012,point_cluster,Ours-PC-P1,0.9188245812811741,34.022420479500354,0.7067533376297689,0.31492047593928874,6.268315322052324
Main Test,point_cluster_test_0013,point_cluster,Baseline-Ours,0.9920419698324258,32.395315971983656,0.6261875868119475,0.356251853373833,5.541082315400095
Main Test,point_cluster_test_0013,point_cluster,Ours-PC-P1,0.9859063802526998,32.4222597089777,0.6250524413412255,0.3591410119552165,5.496506327170472
Main Test,point_cluster_test_0014,point_cluster,Baseline-Ours,0.88560473765874,34.78935443235882,0.7442931115099068,0.23868985319975763,8.270233602708748
Main Test,point_cluster_test_0014,point_cluster,Ours-PC-P1,0.8843427816075353,34.79554760324325,0.7430501553732666,0.24174516275525093,8.165709799772928
Main Test,point_cluster_test_0015,point_cluster,Baseline-Ours,1.0206425867016031,34.307047948870256,0.7183514931393047,0.3139731642743573,6.287227920005631
Main Test,point_cluster_test_0015,point_cluster,Ours-PC-P1,1.0099421728533098,34.35281967615908,0.7179023907744937,0.3175218398682773,6.216960840794979
Main Test,point_cluster_test_0016,point_cluster,Baseline-Ours,0.9875220572816817,31.93322885990574,0.6328347941305004,0.4693937702989206,4.20546877582366
Main Test,point_cluster_test_0016,point_cluster,Ours-PC-P1,0.9671770148716671,32.02363708557048,0.6367569803102684,0.47302391892299056,4.17319455864478
Main Test,point_cluster_test_0017,point_cluster,Baseline-Ours,1.0892563788019827,35.77540741335538,0.8500752267480781,0.22487510935869068,8.778298541745498
Main Test,point_cluster_test_0017,point_cluster,Ours-PC-P1,1.0895584857490133,35.77420329138632,0.8484152444155187,0.22858519898727536,8.635820924994105
Main Test,point_cluster_test_0018,point_cluster,Baseline-Ours,1.009892688886475,35.69289182319153,0.7923221321720064,0.35088476035278293,5.625838074510715
Main Test,point_cluster_test_0018,point_cluster,Ours-PC-P1,1.010941242439249,35.688384931074445,0.7899998023575365,0.3546039939392358,5.566831954229252
Main Test,point_cluster_test_0019,point_cluster,Baseline-Ours,0.9159821385801427,35.27500645202936,0.7637261190959398,0.4946316523430869,3.9908906662306185
Main Test,point_cluster_test_0019,point_cluster,Ours-PC-P1,0.8921667349684794,35.38941606218925,0.7675405469862429,0.4982256209477782,3.9621022315212526
